flows,bytes_total,pkts_total,uniq_src,uniq_dst,syn_ratio,mean_bytes_flow
2,2532,12,2,2,1.0,1266.0
2,9235,40,1,2,0.0,4617.5
1,1732768,1851,1,1,0.0,1732768.0
1,1525,10,1,1,0.0,1525.0
1,7908,33,1,1,0.0,7908.0
2,3084,18,2,2,1.0,1542.0
1,180,2,1,1,0.0,180.0
3,9547,44,1,3,0.0,3182.3333333333335
9,1620,18,1,1,0.0,180.0
2,2532,12,2,2,1.0,1266.0
2,2532,12,2,2,1.0,1266.0
11,4152,30,3,3,0.18181818181818182,377.45454545454544
1,70,1,1,1,1.0,70.0
1,1525,10,1,1,0.0,1525.0
2,9048,38,2,2,0.5,4524.0
1,1326,6,1,1,1.0,1326.0
2,2532,12,2,2,1.0,1266.0
9,6531,35,1,3,0.0,725.6666666666666
2,2532,12,2,2,1.0,1266.0
2,9169,39,1,2,0.0,4584.5
1,1326,6,1,1,1.0,1326.0
1,1206,6,1,1,1.0,1206.0
1,180,2,1,1,0.0,180.0
1,1206,6,1,1,1.0,1206.0
1,1326,6,1,1,1.0,1326.0
1,180,2,1,1,0.0,180.0
1,180,2,1,1,0.0,180.0
2,9169,39,1,2,0.0,4584.5
1,180,2,1,1,0.0,180.0
3,2712,14,3,3,0.6666666666666666,904.0
1,180,2,1,1,0.0,180.0
1,180,2,1,1,0.0,180.0
1,180,2,1,1,0.0,180.0
2,2532,12,2,2,1.0,1266.0
1,180,2,1,1,0.0,180.0
1,180,2,1,1,0.0,180.0
1,784,8,1,1,0.0,784.0
1,180,2,1,1,0.0,180.0
2,1386,8,2,2,0.5,693.0
1,1326,6,1,1,1.0,1326.0
1,180,2,1,1,0.0,180.0
1,180,2,1,1,0.0,180.0
1,180,2,1,1,0.0,180.0
3,2712,14,3,3,0.6666666666666666,904.0
1,180,2,1,1,0.0,180.0
1,180,2,1,1,0.0,180.0
1,180,2,1,1,0.0,180.0
2,2532,12,2,2,1.0,1266.0
1,180,2,1,1,0.0,180.0
1,180,2,1,1,0.0,180.0
1,180,2,1,1,0.0,180.0
2,1386,8,2,2,0.5,693.0
1,1326,6,1,1,1.0,1326.0
1,180,2,1,1,0.0,180.0
1,180,2,1,1,0.0,180.0
1,180,2,1,1,0.0,180.0
1,1326,6,1,1,1.0,1326.0
1,1206,6,1,1,1.0,1206.0
1,180,2,1,1,0.0,180.0
1,180,2,1,1,0.0,180.0
1,180,2,1,1,0.0,180.0
3,2712,14,3,3,0.6666666666666666,904.0
1,180,2,1,1,0.0,180.0
1,180,2,1,1,0.0,180.0
1,180,2,1,1,0.0,180.0
1,1206,6,1,1,1.0,1206.0
1,1326,6,1,1,1.0,1326.0
1,180,2,1,1,0.0,180.0
1,180,2,1,1,0.0,180.0
1,180,2,1,1,0.0,180.0
1,180,2,1,1,0.0,180.0
2,2532,12,2,2,1.0,1266.0
1,180,2,1,1,0.0,180.0
1,180,2,1,1,0.0,180.0
1,180,2,1,1,0.0,180.0
1,1326,6,1,1,1.0,1326.0
2,1276,7,2,2,1.0,638.0
1,180,2,1,1,0.0,180.0
1,180,2,1,1,0.0,180.0
1,180,2,1,1,0.0,180.0
2,1386,8,2,2,0.5,693.0
1,1326,6,1,1,1.0,1326.0
1,180,2,1,1,0.0,180.0
1,180,2,1,1,0.0,180.0
1,180,2,1,1,0.0,180.0
2,2532,12,2,2,1.0,1266.0
1,180,2,1,1,0.0,180.0
1,180,2,1,1,0.0,180.0
1,180,2,1,1,0.0,180.0
1,180,2,1,1,0.0,180.0
2,2532,12,2,2,1.0,1266.0
1,180,2,1,1,0.0,180.0
1,180,2,1,1,0.0,180.0
1,180,2,1,1,0.0,180.0
1,1206,6,1,1,1.0,1206.0
1,1326,6,1,1,1.0,1326.0
1,180,2,1,1,0.0,180.0
1,180,2,1,1,0.0,180.0
1,180,2,1,1,0.0,180.0
1,180,2,1,1,0.0,180.0
2,2532,12,2,2,1.0,1266.0
1,180,2,1,1,0.0,180.0
1,180,2,1,1,0.0,180.0
1,180,2,1,1,0.0,180.0
11,4152,30,3,3,0.18181818181818182,377.45454545454544
20,6080,80,3,5,0.10,304
16,3328,64,5,5,0.23,208
7,756,14,3,3,0.06,108
9,1188,18,5,7,0.07,132
6,1704,24,5,6,0.16,284
12,1656,24,4,4,0.13,138
14,3192,42,5,6,0.15,228
7,1092,21,5,5,0.16,156
16,2736,48,4,5,0.13,171
10,2370,30,4,6,0.08,237
6,1560,30,3,5,0.15,260
17,5610,85,3,4,0.21,330
11,2013,33,5,5,0.13,183
31,14973,217,5,6,0.79,483
6,1980,30,3,5,0.12,330
7,1106,14,3,3,0.16,158
14,2184,28,5,5,0.19,156
57,45600,456,9,4,0.83,800
13,2002,26,5,7,0.17,154
18,3960,90,2,4,0.22,220
29,18270,203,6,7,0.87,630
19,3572,76,3,5,0.06,188
8,640,16,4,4,0.22,80
5,840,20,3,3,0.07,168
6,1368,24,3,5,0.05,228
13,1638,26,5,7,0.08,126
49,21364,196,7,6,0.77,436
8,2480,40,2,2,0.21,310
16,5056,64,4,5,0.21,316
8,1568,32,3,3,0.19,196
18,1656,36,5,7,0.21,92
41,28536,246,8,9,0.82,696
20,1960,40,3,4,0.19,98
41,26240,328,10,8,0.73,640
6,660,12,3,3,0.14,110
10,1590,30,5,6,0.19,159
12,3120,48,4,6,0.06,260
10,2120,40,2,2,0.24,212
18,3132,54,3,4,0.17,174
16,3136,64,4,4,0.07,196
17,5304,68,4,4,0.09,312
8,2304,32,3,5,0.08,288
14,1596,28,4,4,0.11,114
45,21870,270,10,10,0.92,486
59,35105,295,8,8,0.70,595
18,5580,90,2,3,0.10,310
17,3910,85,2,4,0.13,230
20,4020,60,2,2,0.07,201
5,450,10,4,6,0.20,90
42,22176,252,7,4,0.89,528
53,25228,371,7,4,0.73,476
12,1056,24,5,5,0.18,88
7,798,14,5,6,0.09,114
33,8118,99,10,6,0.87,246
17,1972,34,2,2,0.07,116
9,1350,18,2,4,0.17,150
14,3066,42,3,3,0.21,219
5,1160,20,5,5,0.23,232
10,2070,30,4,5,0.22,207
13,4225,65,5,6,0.23,325
19,3135,57,3,5,0.10,165
11,2156,44,3,4,0.08,196
13,2912,52,4,5,0.19,224
14,4130,70,5,5,0.24,295
17,2074,34,2,3,0.12,122
15,5400,75,3,5,0.12,360
15,2700,45,4,6,0.08,180
55,15675,165,10,6,0.81,285
39,21840,312,6,4,0.91,560
17,1462,34,5,6,0.08,86
53,18815,265,10,6,0.71,355
7,1596,28,5,7,0.07,228
6,1590,30,3,5,0.24,265
16,4000,80,3,5,0.06,250
33,10098,99,6,10,0.75,306
19,5700,76,2,3,0.21,300
13,1612,26,2,2,0.13,124
15,3600,75,3,3,0.10,240
16,1968,48,3,5,0.17,123
23,21896,184,5,9,0.83,952
6,1536,24,3,5,0.08,256
49,15680,196,9,7,0.86,320
29,23548,203,7,4,0.85,812
15,1560,30,3,5,0.08,104
19,6745,95,3,4,0.09,355
48,35616,336,9,9,0.73,742
8,1272,24,4,4,0.07,159
20,2680,40,4,6,0.16,134
50,14250,150,5,7,0.72,285
60,33600,480,8,5,0.71,560
5,690,15,2,2,0.11,138
42,21210,210,8,7,0.93,505
15,2040,30,2,3,0.21,136
43,20167,301,5,6,0.74,469
10,1480,20,4,6,0.20,148
9,1170,18,5,5,0.05,130
53,24380,265,10,7,0.80,460
16,3136,64,5,7,0.21,196
57,24225,285,10,4,0.73,425
15,1890,45,2,3,0.09,126
17,4335,85,3,3,0.11,255
8,1120,16,2,4,0.14,140
58,15776,232,7,8,0.70,272
55,26180,220,8,4,0.75,476
53,47912,424,10,6,0.71,904
13,1950,39,2,3,0.17,150
7,1372,28,3,4,0.20,196
19,7315,95,2,3,0.17,385
5,630,15,2,3,0.13,126
47,14523,141,10,7,0.94,309
17,6460,85,2,2,0.15,380
42,20832,336,10,9,0.85,496
6,1608,24,5,5,0.12,268
7,1302,21,2,2,0.08,186
9,1080,18,3,5,0.10,120
15,3510,45,5,7,0.21,234
19,5415,95,3,5,0.13,285
12,4020,60,2,2,0.22,335
5,1900,25,2,3,0.06,380
20,4560,60,2,4,0.12,228
24,7488,72,6,8,0.82,312
37,15799,259,8,8,0.84,427
7,1512,21,5,5,0.17,216
35,16800,280,6,6,0.93,480
7,2156,28,4,6,0.16,308
10,3000,40,3,3,0.15,300
6,1710,30,3,5,0.18,285
19,3078,57,4,5,0.06,162
38,12350,190,6,9,0.93,325
34,19312,272,10,5,0.92,568
15,3840,60,4,4,0.05,256
11,3432,44,2,3,0.13,312
18,3996,54,3,5,0.10,222
29,6960,87,6,6,0.71,240
17,2244,34,5,7,0.20,132
9,2556,36,3,5,0.13,284
39,17355,195,8,6,0.83,445
43,24295,215,9,8,0.83,565
19,6270,95,2,3,0.11,330
17,2788,68,3,4,0.12,164
17,2380,34,3,4,0.16,140
18,5328,72,4,6,0.11,296
18,3240,72,3,5,0.06,180
56,21000,280,6,7,0.74,375
8,1536,32,4,6,0.21,192
18,7200,90,5,7,0.17,400
5,1475,25,4,6,0.16,295
56,25872,392,6,8,0.77,462
7,1960,35,4,4,0.19,280
14,2576,56,2,3,0.23,184
35,11970,105,5,9,0.85,342
18,3132,54,2,2,0.23,174
24,12672,144,8,9,0.93,528
14,3710,70,5,6,0.13,265
17,2142,51,4,5,0.20,126
38,35872,304,8,9,0.97,944
52,24336,208,9,6,0.91,468
18,5940,90,2,4,0.06,330
13,3380,52,2,4,0.10,260
10,1800,40,3,5,0.14,180
8,1920,32,4,6,0.13,240
19,2964,57,4,4,0.05,156
45,35640,360,9,8,0.73,792
51,17442,153,5,8,0.93,342
16,5360,80,2,2,0.09,335
8,720,16,4,4,0.20,90
10,1720,40,3,3,0.17,172
12,1632,24,4,5,0.20,136
20,3060,60,4,4,0.07,153
8,1440,32,5,7,0.22,180
15,2565,45,3,5,0.18,171
14,2646,42,5,5,0.06,189
52,14976,156,9,8,0.85,288
12,2592,36,3,4,0.05,216
11,1738,22,5,6,0.07,158
30,27120,240,5,9,0.77,904
21,11088,126,6,6,0.91,528
20,4160,80,2,4,0.12,208
10,1650,30,4,6,0.12,165
11,1936,44,4,5,0.10,176
7,644,14,2,2,0.08,92
44,20856,264,7,8,0.79,474
9,1917,27,3,3,0.19,213
39,13065,195,5,10,0.73,335
16,2880,64,2,4,0.07,180
19,4750,95,3,3,0.18,250
9,2700,45,5,5,0.07,300
38,11628,114,5,5,0.71,306
16,1856,32,5,5,0.14,116
16,4000,80,4,5,0.20,250
8,1040,16,5,5,0.19,130
12,2256,48,4,6,0.07,188
37,15244,148,6,5,0.98,412
17,2550,34,5,6,0.13,150
19,3420,57,3,4,0.12,180
6,1128,24,3,5,0.23,188
17,3400,68,2,3,0.15,200
7,1645,35,2,2,0.21,235
20,2880,40,3,5,0.10,144
18,2484,36,2,4,0.24,138
6,1416,24,3,5,0.10,236
51,17952,204,10,6,0.73,352
11,946,22,2,3,0.19,86
25,13125,125,9,7,0.72,525
20,3000,40,2,3,0.22,150
37,32560,296,9,5,0.71,880
7,2415,35,3,4,0.25,345
25,12600,200,5,8,0.80,504
6,612,12,2,2,0.24,102
45,27000,270,9,5,0.88,600
18,2556,36,2,3,0.12,142
6,924,12,2,2,0.17,154
18,1440,36,5,7,0.18,80
6,1230,30,2,3,0.13,205
5,645,15,5,5,0.15,129
37,28749,259,9,6,0.72,777
11,924,22,3,5,0.24,84
11,1474,22,3,4,0.17,134
17,2482,34,2,4,0.07,146
7,1316,28,2,3,0.25,188
47,22701,329,7,7,0.82,483
8,1176,24,3,4,0.19,147
19,3572,76,5,6,0.10,188
39,16146,234,7,5,0.71,414
13,1820,26,2,3,0.14,140
11,2915,55,4,4,0.22,265
18,2214,54,3,4,0.16,123
44,21560,308,5,6,0.78,490
6,1296,18,5,6,0.18,216
14,2772,42,2,4,0.16,198
7,1960,35,2,3,0.22,280
7,1008,21,2,4,0.15,144
17,5865,85,2,2,0.20,345
11,2750,55,2,4,0.21,250
12,2640,48,3,5,0.13,220
34,9792,136,10,8,0.93,288
12,1848,24,3,5,0.06,154
26,12168,104,6,8,0.71,468
14,3080,56,2,4,0.20,220
10,2900,50,3,3,0.05,290
20,2200,40,5,5,0.24,110
11,1408,22,3,4,0.19,128
6,2310,30,2,3,0.06,385
30,15750,210,10,8,0.98,525
9,882,18,2,2,0.19,98
49,14700,147,6,10,0.85,300
8,2360,40,2,2,0.15,295
11,2442,33,5,6,0.06,222
7,2205,35,4,6,0.11,315
42,27216,336,5,4,0.87,648
10,2760,40,5,5,0.21,276
12,2520,36,2,4,0.06,210
22,13706,154,5,9,0.74,623
11,1518,33,5,6,0.06,138
12,2016,36,5,7,0.12,168
50,17400,200,10,8,0.81,348
18,5544,72,2,3,0.21,308
10,3000,50,3,4,0.11,300
32,9920,160,5,10,0.83,310
5,1340,20,5,7,0.12,268
9,2079,27,2,3,0.20,231
27,12852,189,10,4,0.80,476
33,8811,99,5,8,0.93,267
17,4760,85,5,6,0.20,280
16,2880,48,2,2,0.18,180
18,1800,36,3,5,0.05,100
20,2080,40,3,3,0.14,104
13,4160,52,5,7,0.08,320
18,3510,54,4,6,0.13,195
17,3927,51,3,5,0.07,231
26,6864,78,9,4,0.86,264
10,2240,40,2,2,0.18,224
52,12792,156,9,9,0.80,246
8,1168,16,2,3,0.23,146
16,5920,80,4,5,0.25,370
10,1800,40,4,4,0.07,180
17,4012,68,5,7,0.11,236
12,1056,24,3,5,0.09,88
8,2016,32,4,4,0.15,252
51,16320,204,10,4,0.91,320
5,705,15,3,5,0.24,141
20,2160,40,3,4,0.07,108
49,25088,392,7,5,0.71,512
8,3040,40,3,5,0.07,380
7,1008,14,2,3,0.15,144
15,5850,75,4,6,0.05,390
49,11907,147,9,7,0.81,243
10,2200,40,3,5,0.06,220
19,5928,76,2,3,0.13,312
8,1376,32,4,4,0.17,172
44,10560,176,10,5,0.92,240
8,2160,40,2,4,0.09,270
6,1896,24,2,2,0.11,316
14,3290,70,2,3,0.13,235
7,1008,21,5,5,0.07,144
41,27265,287,7,6,0.72,665
53,18762,159,7,8,0.72,354
12,3312,48,3,4,0.14,276
39,36504,312,6,10,0.95,936
19,4560,57,4,6,0.23,240
16,4960,80,2,4,0.21,310
10,2880,40,2,2,0.12,288
18,1872,36,2,4,0.13,104
31,21328,248,8,10,0.73,688
17,2550,51,3,3,0.20,150
19,3534,57,4,5,0.13,186
14,1876,28,4,4,0.10,134
19,4560,76,4,4,0.23,240
36,15336,216,8,6,0.73,426
49,36456,392,5,8,0.86,744
13,1911,39,3,3,0.07,147
8,1200,16,2,3,0.16,150
46,19872,184,7,5,0.93,432
19,3800,95,5,7,0.17,200
11,2244,33,4,5,0.21,204
32,29696,256,6,10,0.88,928
47,13254,141,10,6,0.91,282
13,4056,52,5,5,0.09,312
5,1575,25,2,4,0.13,315
22,5368,88,10,9,0.97,244
5,1000,20,2,4,0.17,200
20,4500,100,2,3,0.11,225
31,28768,248,9,4,0.71,928
15,3600,60,3,5,0.07,240
57,20064,228,9,9,0.85,352
16,1920,32,4,6,0.06,120
16,3600,48,4,5,0.12,225
24,4392,72,7,4,0.71,183
9,720,18,5,7,0.12,80
8,1760,32,5,6,0.06,220
43,12513,129,6,10,0.88,291
8,1608,24,4,5,0.23,201
16,1280,32,5,6,0.21,80
8,960,24,5,7,0.12,120
42,26964,252,8,5,0.97,642
5,1525,25,3,5,0.14,305
10,3000,40,5,5,0.15,300
19,5168,76,2,2,0.10,272
48,26496,288,7,7,0.71,552
12,2448,48,2,2,0.14,204
20,4240,80,4,4,0.13,212
11,2277,33,5,7,0.07,207
12,2772,36,2,3,0.24,231
6,2400,30,5,6,0.06,400
13,3965,65,3,3,0.25,305
20,6800,100,3,5,0.17,340
16,5280,80,2,4,0.13,330
19,4408,76,2,4,0.22,232
13,1599,39,3,5,0.19,123
11,4235,55,2,2,0.24,385
19,5244,76,3,3,0.09,276
21,4410,63,9,4,0.96,210
8,1896,24,5,5,0.12,237
55,15620,220,10,6,0.75,284
27,23976,216,7,7,0.90,888
11,2024,44,3,3,0.25,184
19,4750,95,3,4,0.06,250
10,1480,20,3,4,0.11,148
27,6075,81,7,10,0.82,225
13,5200,65,4,4,0.11,400
12,1908,36,5,5,0.23,159
16,4032,64,2,4,0.20,252
19,2394,57,3,4,0.24,126
9,2160,36,3,3,0.15,240
13,2652,52,4,6,0.14,204
19,1862,38,4,5,0.12,98
11,4125,55,2,2,0.20,375
35,20790,210,9,8,0.74,594
20,6700,100,5,7,0.06,335
18,6390,90,5,6,0.19,355
5,1125,25,3,4,0.23,225
7,1092,14,3,4,0.14,156
28,8288,112,10,8,0.73,296
20,3520,80,3,4,0.06,176
9,1647,27,5,7,0.13,183
53,9858,159,10,10,0.86,186
48,20544,192,9,5,0.92,428
59,23364,236,7,8,0.82,396
20,2600,40,3,5,0.08,130
19,4389,57,2,3,0.13,231
37,15836,148,5,7,0.89,428
40,15840,240,6,6,0.71,396
11,968,22,5,7,0.07,88
10,1440,30,4,6,0.12,144
10,1540,20,2,2,0.25,154
8,1952,32,3,5,0.06,244
29,7540,116,6,9,0.78,260
12,1320,24,2,3,0.08,110
19,3268,76,3,4,0.19,172
17,3995,85,4,5,0.15,235
53,14151,159,8,4,0.75,267
6,756,18,2,2,0.18,126
14,1792,28,4,5,0.21,128
47,11703,141,10,7,0.77,249
45,37485,315,9,6,0.91,833
20,6240,80,5,5,0.09,312
57,39672,456,7,9,0.93,696
10,3000,40,2,3,0.15,300
12,1464,24,5,6,0.19,122
17,4080,68,3,3,0.24,240
51,19125,255,8,7,0.80,375
18,2862,54,3,4,0.17,159
15,4440,60,3,5,0.20,296
11,3960,55,5,6,0.10,360
14,2870,70,4,6,0.11,205
20,4100,100,3,4,0.11,205
22,15840,132,8,4,0.72,720
18,3672,54,3,5,0.24,204
39,23400,312,5,9,0.86,600
11,3080,55,4,5,0.21,280
11,2541,33,3,3,0.24,231
10,1590,30,5,7,0.14,159
16,3696,48,4,6,0.24,231
24,16512,192,7,8,0.76,688
14,3136,56,5,5,0.17,224
19,4028,76,5,6,0.20,212
15,2745,45,5,7,0.05,183
20,7600,100,4,5,0.19,380
7,2275,35,2,4,0.20,325
6,1248,24,5,6,0.13,208
15,2925,45,4,6,0.15,195
12,2484,36,2,4,0.21,207
11,946,22,5,7,0.15,86
35,25200,280,5,7,0.91,720
11,1144,22,4,6,0.11,104
12,3480,60,2,2,0.18,290
52,28080,260,5,4,0.72,540
35,21315,245,8,6,0.88,609
16,2016,32,5,5,0.25,126
33,24816,264,6,7,0.86,752
17,1394,34,3,3,0.10,82
15,4800,60,4,5,0.07,320
17,4624,68,5,5,0.20,272
14,2562,42,5,6,0.12,183
31,13795,155,8,9,0.77,445
20,2400,40,3,3,0.18,120
59,17877,177,8,9,0.78,303
50,22400,200,6,5,0.76,448
20,5300,100,4,5,0.13,265
17,3876,68,5,6,0.14,228
19,2850,38,3,4,0.16,150
30,11850,150,10,9,0.90,395
15,4800,60,3,4,0.11,320
8,1856,32,3,5,0.13,232
48,23280,240,10,4,0.90,485
7,1176,28,2,3,0.20,168
13,2808,52,2,3,0.19,216
15,4800,75,3,3,0.14,320
56,34104,392,7,6,0.77,609
57,18810,285,5,4,0.77,330
14,1400,28,3,4,0.15,100
32,13696,128,7,8,0.80,428
19,5092,76,3,4,0.06,268
12,1392,24,5,7,0.23,116
14,3640,56,4,4,0.09,260
11,2948,44,2,3,0.18,268
8,2000,40,5,5,0.15,250
11,3476,44,4,6,0.14,316
18,2052,36,2,3,0.09,114
12,4740,60,2,2,0.07,395
47,26320,329,9,9,0.74,560
18,2484,36,5,7,0.15,138
6,1008,24,4,5,0.18,168
16,2544,48,3,3,0.22,159
15,3825,75,3,4,0.08,255
11,2332,44,4,5,0.21,212
6,516,12,3,3,0.25,86
20,7300,100,4,5,0.13,365
15,1770,30,4,5,0.06,118
17,3315,51,2,4,0.06,195
10,1740,30,3,4,0.20,174
9,2844,36,5,7,0.16,316
9,1485,27,2,2,0.23,165
14,3696,56,4,4,0.16,264
8,704,16,5,5,0.09,88
42,27636,294,5,5,0.80,658
14,1764,28,5,6,0.23,126
18,6660,90,2,4,0.19,370
9,846,18,2,3,0.15,94
8,1680,40,3,5,0.15,210
46,22770,230,5,9,0.72,495
8,848,16,5,5,0.16,106
8,3040,40,3,3,0.13,380
51,45288,408,6,10,0.95,888
51,26775,357,8,6,0.88,525
50,37100,350,6,4,0.83,742
16,3024,48,3,3,0.15,189
15,1350,30,2,3,0.11,90
29,16037,203,7,7,0.87,553
9,828,18,2,3,0.21,92
12,1836,36,4,4,0.09,153
16,1408,32,2,2,0.09,88
57,20064,228,6,9,0.81,352
17,2584,34,4,5,0.24,152
10,3200,50,2,3,0.10,320
11,1496,22,4,6,0.07,136
15,1410,30,4,6,0.18,94
17,3740,85,2,4,0.14,220
10,2600,40,5,7,0.16,260
5,790,10,2,4,0.11,158
26,9490,130,10,4,0.90,365
7,1568,28,2,4,0.17,224
17,2482,34,5,7,0.06,146
15,1890,45,5,7,0.17,126
46,11040,138,10,5,0.90,240
7,1540,35,5,7,0.23,220
11,3036,44,2,4,0.23,276
9,2160,45,3,3,0.24,240
8,2560,40,4,4,0.11,320
42,18228,294,9,9,0.72,434
7,770,14,2,4,0.14,110
20,3780,60,3,4,0.09,189
6,960,12,4,5,0.17,160
16,4864,64,5,7,0.13,304
9,2268,36,4,6,0.24,252
8,1072,16,5,6,0.10,134
10,3250,50,4,4,0.06,325
5,1450,25,2,4,0.07,290
57,31122,342,10,7,0.84,546
14,3850,70,4,6,0.16,275
17,3723,51,2,4,0.07,219
5,750,10,5,6,0.06,150
14,2394,42,3,3,0.23,171
45,31590,270,8,9,0.91,702
20,4800,80,4,6,0.20,240
10,1060,20,5,5,0.24,106
7,2016,28,5,6,0.06,288
14,1974,42,5,6,0.24,141
48,19008,192,10,8,0.82,396
15,2385,45,5,5,0.22,159
6,1188,18,5,7,0.10,198
20,4300,100,4,4,0.20,215
36,18720,180,5,8,0.77,520
16,2928,48,4,6,0.15,183
17,4896,68,4,4,0.11,288
16,3600,80,5,6,0.19,225
54,24408,216,8,9,0.78,452
5,1250,25,3,3,0.15,250
12,3660,60,5,6,0.15,305
15,5025,75,2,3,0.13,335
27,16254,189,10,6,0.73,602
6,1560,30,3,5,0.17,260
10,2000,50,3,3,0.16,200
18,3888,54,2,2,0.10,216
11,3256,44,3,5,0.19,296
6,564,12,3,4,0.19,94
34,12580,170,7,8,0.91,370
18,5040,72,4,5,0.20,280
44,9108,132,7,8,0.97,207
13,4290,65,2,4,0.11,330
6,1332,18,5,7,0.05,222
12,1152,24,5,5,0.14,96
16,2752,64,4,4,0.09,172
38,23674,266,9,8,0.95,623
54,35424,432,7,7,0.93,656
15,2880,45,5,5,0.05,192
10,2560,40,3,4,0.19,256
51,23664,204,7,6,0.97,464
32,20608,224,5,7,0.80,644
16,2208,48,5,6,0.25,138
17,4675,85,2,2,0.13,275
24,6336,72,6,4,0.72,264
15,5400,75,5,6,0.24,360
31,17143,217,8,8,0.79,553
8,1440,24,3,4,0.21,180
8,1320,24,3,3,0.08,165
10,1440,20,5,6,0.20,144
6,828,12,3,4,0.17,138
20,2360,40,3,4,0.09,118
25,11300,100,8,5,0.85,452
16,5040,80,3,4,0.22,315
16,5056,64,4,5,0.08,316
40,29120,320,8,10,0.71,728
7,1680,35,3,5,0.14,240
35,7665,105,9,6,0.95,219
14,1288,28,2,2,0.10,92
14,3528,56,2,4,0.19,252
7,2170,35,2,4,0.07,310
36,22032,216,10,8,0.92,612
10,2440,40,5,5,0.16,244
5,1975,25,3,3,0.09,395
10,2160,40,5,5,0.16,216
10,2950,50,3,4,0.15,295
14,2576,56,4,6,0.24,184
5,860,20,4,6,0.07,172
15,2010,30,4,5,0.11,134
27,7128,81,5,10,0.76,264
38,9918,114,6,6,0.89,261
18,5040,72,3,5,0.25,280
44,29040,264,5,8,0.83,660
15,3465,45,2,4,0.18,231
13,3770,65,2,2,0.09,290
19,6365,95,4,6,0.25,335
8,1776,24,5,7,0.22,222
10,2550,50,3,5,0.17,255
11,1342,22,4,4,0.14,122
57,18810,285,5,8,0.97,330
20,4640,80,4,6,0.19,232
10,2350,50,4,4,0.16,235
13,1248,26,3,5,0.09,96
13,2652,39,5,7,0.20,204
27,22680,189,6,10,0.77,840
6,1380,30,3,4,0.19,230
11,4070,55,5,6,0.05,370
6,828,12,4,4,0.12,138
32,16640,256,7,8,0.92,520
29,8700,145,6,8,0.81,300
53,22896,318,10,9,0.78,432
7,686,14,5,7,0.16,98
45,29700,270,5,4,0.80,660
7,1456,28,2,4,0.07,208
22,8536,88,6,9,0.85,388
15,2025,45,4,6,0.17,135
5,1275,25,2,4,0.17,255
12,2772,36,3,4,0.09,231
17,3060,68,3,4,0.17,180
17,1394,34,5,6,0.16,82
8,1488,24,5,6,0.23,186
57,27930,285,9,7,0.77,490
12,2700,36,4,5,0.07,225
47,27636,282,7,4,0.96,588
13,2574,39,4,6,0.20,198
6,1488,24,3,4,0.17,248
20,6080,80,5,6,0.14,304
20,2600,40,3,5,0.15,130
18,4464,72,5,5,0.09,248
6,516,12,2,2,0.25,86
6,1314,18,2,2,0.16,219
18,2376,54,3,5,0.24,132
16,4352,64,4,5,0.12,272
9,990,18,3,4,0.17,110
8,3000,40,4,6,0.20,375
15,3375,45,5,5,0.06,225
20,4100,100,5,5,0.13,205
56,36288,448,5,9,0.82,648
11,1364,22,3,3,0.23,124
51,15096,204,8,4,0.78,296
34,12138,102,8,8,0.72,357
27,6075,81,5,9,0.80,225
45,42120,360,10,7,0.92,936
30,10440,90,6,10,0.83,348
9,990,18,4,6,0.12,110
8,1880,40,5,5,0.17,235
11,2640,33,3,3,0.20,240
12,2016,36,5,5,0.06,168
7,2695,35,4,6,0.19,385
9,2295,45,4,4,0.08,255
10,960,20,4,6,0.15,96
8,1920,24,3,5,0.09,240
20,3840,60,4,4,0.16,192
11,2112,44,2,2,0.22,192
9,1701,27,3,3,0.23,189
14,1372,28,5,5,0.07,98
10,2800,50,3,5,0.24,280
18,6390,90,2,3,0.19,355
12,1752,24,5,6,0.12,146
17,3519,51,2,2,0.12,207
17,1428,34,3,3,0.22,84
16,3904,64,5,5,0.08,244
59,27612,236,5,10,0.95,468
44,12276,132,8,10,0.81,279
11,2112,44,3,4,0.17,192
15,4080,60,5,5,0.12,272
14,2940,70,5,5,0.17,210
12,1392,24,2,4,0.08,116
12,1008,24,5,7,0.24,84
20,19200,160,6,8,0.87,960
20,6160,80,5,6,0.07,308
9,2079,27,4,5,0.06,231
10,3150,50,3,3,0.08,315
9,1620,36,4,4,0.05,180
18,2448,36,2,2,0.21,136
15,1320,30,3,3,0.19,88
11,1485,33,3,5,0.12,135
48,12480,192,7,5,0.95,260
10,3000,50,4,6,0.13,300
20,6700,100,4,6,0.21,335
27,10368,108,7,7,0.74,384
14,2352,42,4,6,0.23,168
6,1470,30,2,2,0.24,245
10,1000,20,3,5,0.21,100
20,4240,80,4,5,0.17,212
28,13440,140,9,7,0.92,480
13,3445,65,3,5,0.09,265
56,38808,392,7,9,0.76,693
42,28560,336,9,4,0.82,680
8,1776,24,4,4,0.13,222
40,13920,160,9,10,0.82,348
11,2145,33,4,6,0.06,195
7,1925,35,2,2,0.05,275
17,3417,51,3,5,0.10,201
21,7140,105,6,9,0.81,340
5,645,15,2,4,0.18,129
55,29975,275,8,8,0.84,545
17,2584,34,4,4,0.07,152
12,1548,36,2,2,0.10,129
18,2628,36,5,6,0.06,146
7,2485,35,2,4,0.17,355
9,3285,45,5,6,0.16,365
20,3420,60,4,4,0.09,171
26,11856,104,10,6,0.75,456
15,4380,60,5,6,0.18,292
12,3540,60,2,2,0.18,295
6,1314,18,2,4,0.11,219
19,5795,95,5,5,0.08,305
35,27720,280,8,6,0.80,792
5,1200,25,5,5,0.12,240
5,1420,20,2,4,0.21,284
17,3060,68,5,6,0.20,180
17,1700,34,2,2,0.11,100
14,4690,70,5,7,0.21,335
27,19008,216,10,7,0.93,704
24,8040,120,5,9,0.81,335
16,5280,80,4,5,0.17,330
19,7505,95,3,5,0.18,395
11,1408,22,5,7,0.23,128
19,4275,95,2,3,0.06,225
18,3024,72,2,3,0.14,168
39,16380,234,5,6,0.92,420
20,1920,40,3,3,0.08,96
49,15092,196,9,8,0.95,308
10,1860,30,5,5,0.13,186
53,38955,371,7,8,0.87,735
15,2160,45,2,4,0.16,144
22,14014,154,6,7,0.94,637
7,1120,14,4,5,0.10,160
16,1696,32,4,6,0.15,106
7,1610,35,4,6,0.14,230
12,2160,36,3,4,0.12,180
26,11856,156,9,7,0.78,456
12,3264,48,3,4,0.21,272
7,1932,28,4,6,0.07,276
12,1056,24,4,6,0.11,88
29,15080,232,5,8,0.78,520
32,11424,96,7,5,0.79,357
26,8320,130,5,7,0.87,320
15,1980,45,3,5,0.17,132
30,12900,150,5,6,0.81,430
7,630,14,3,3,0.13,90
7,574,14,5,6,0.24,82
20,2640,40,4,4,0.10,132
6,1290,30,2,2,0.24,215
6,492,12,3,5,0.15,82
30,10500,150,5,6,0.88,350
16,2544,48,5,5,0.08,159
15,3900,75,5,5,0.23,260
19,3306,57,5,5,0.22,174
12,2208,48,3,5,0.13,184
8,832,16,5,6,0.08,104
14,3710,70,4,5,0.20,265
12,2088,36,4,5,0.11,174
19,3078,57,4,6,0.23,162
34,8874,102,5,9,0.74,261
14,1960,28,2,2,0.21,140
18,2052,36,4,6,0.17,114
12,4680,60,3,5,0.20,390
19,3534,57,3,4,0.17,186
15,4500,75,3,4,0.08,300
20,3900,60,5,7,0.14,195
15,1680,30,3,5,0.10,112
5,400,10,3,4,0.16,80
20,2560,40,5,6,0.20,128
7,1400,28,2,4,0.05,200
16,6080,80,4,5,0.05,380
16,2928,48,2,3,0.23,183
56,32928,336,9,7,0.80,588
5,1125,25,3,3,0.09,225
13,3432,52,2,2,0.06,264
48,23184,336,7,10,0.98,483
45,21600,360,6,4,0.90,480
42,20286,294,7,10,0.79,483
15,4320,60,5,6,0.17,288
20,6160,80,5,6,0.10,308
17,6290,85,3,4,0.17,370
20,6900,100,4,5,0.17,345
7,1925,35,2,3,0.14,275
59,30680,472,5,5,0.76,520
15,3240,45,4,6,0.05,216
9,2448,36,2,4,0.15,272
36,20448,288,10,7,0.86,568
47,17860,235,10,4,0.98,380
54,13608,216,8,6,0.96,252
24,13272,168,5,7,0.95,553
14,1974,42,2,4,0.22,141
5,1110,15,4,4,0.19,222
14,3304,56,3,3,0.07,236
54,15552,162,8,6,0.78,288
17,2958,51,5,6,0.08,174
13,2340,52,3,4,0.23,180
5,1200,15,5,5,0.06,240
26,11128,104,9,7,0.97,428
7,1344,28,5,5,0.25,192
11,2970,55,5,5,0.19,270
31,15376,248,9,7,0.94,496
19,3952,76,4,6,0.12,208
32,8832,96,7,9,0.74,276
16,3312,48,2,3,0.07,207
15,3300,60,3,3,0.16,220
13,3328,52,4,6,0.13,256
24,16992,144,5,7,0.85,708
18,5040,72,5,6,0.18,280
12,2196,36,5,5,0.13,183
45,25830,315,8,5,0.87,574
7,1435,35,3,5,0.15,205
10,2190,30,2,4,0.21,219
11,1320,33,5,7,0.22,120
12,1320,24,5,5,0.23,110
15,5250,75,3,4,0.08,350
31,16554,186,7,4,0.74,534
9,1485,27,3,4,0.08,165
35,6405,105,10,8,0.76,183
20,5680,80,5,5,0.18,284
16,2496,32,2,4,0.07,156
9,1062,18,4,4,0.12,118
58,13920,232,8,10,0.86,240
7,1575,35,4,5,0.06,225
24,15696,144,9,5,0.84,654
58,20010,174,6,7,0.79,345
41,24395,205,6,9,0.91,595
19,2964,38,4,6,0.12,156
30,9750,150,9,9,0.80,325
27,18711,189,10,9,0.92,693
9,2592,36,5,6,0.17,288
27,8100,108,7,9,0.83,300
9,2610,45,4,4,0.15,290
43,29412,258,6,9,0.80,684
12,2112,48,3,4,0.14,176
15,1920,30,2,3,0.12,128
6,846,18,3,3,0.18,141
12,1896,24,5,5,0.13,158
11,2508,33,5,7,0.08,228
42,19320,210,9,10,0.90,460
11,1650,33,3,3,0.24,150
16,3312,48,3,5,0.20,207
8,1296,24,5,5,0.11,162
19,7125,95,3,3,0.20,375
41,22140,246,6,8,0.76,540
19,4750,95,2,2,0.14,250
18,6030,90,4,5,0.21,335
40,13600,200,8,6,0.71,340
49,25725,245,5,10,0.89,525
13,2028,39,3,3,0.17,156
47,30456,376,7,5,0.75,648
5,1800,25,4,4,0.21,360
16,5360,80,3,4,0.13,335
16,3696,48,5,5,0.06,231
20,3120,60,4,6,0.08,156
15,2250,45,4,6,0.20,150
14,1260,28,4,6,0.19,90
21,14112,168,6,6,0.76,672
14,5040,70,2,4,0.06,360
11,1298,22,2,3,0.23,118
9,2412,36,5,5,0.13,268
57,38988,342,8,6,0.75,684
8,1320,24,5,6,0.24,165
10,1080,20,2,4,0.12,108
8,2440,40,4,6,0.06,305
13,2756,52,5,6,0.07,212
42,17304,168,10,6,0.93,412
12,1752,24,3,4,0.22,146
24,19776,192,7,4,0.84,824
14,5530,70,4,6,0.07,395
47,15792,188,8,7,0.88,336
16,3072,48,5,7,0.05,192
8,1664,32,2,2,0.10,208
20,6600,100,5,7,0.10,330
20,2320,40,4,6,0.16,116
16,2928,48,4,5,0.20,183
59,38232,472,6,6,0.76,648
13,2002,26,4,5,0.12,154
19,2394,38,5,5,0.15,126
38,26068,266,7,7,0.85,686
26,14430,130,10,9,0.83,555
12,3216,48,2,3,0.11,268
15,3060,60,5,7,0.13,204
10,2720,40,3,4,0.15,272
26,8190,130,5,10,0.78,315
8,2720,40,3,3,0.16,340
37,20979,259,10,7,0.76,567
14,4060,70,2,3,0.14,290
43,26488,344,10,7,0.73,616
15,2880,60,3,5,0.16,192
42,17976,168,9,8,0.76,428
7,1785,35,4,6,0.17,255
33,14685,165,8,10,0.96,445
11,2310,55,5,5,0.09,210
60,33840,360,7,10,0.93,564
5,1005,15,2,2,0.24,201
49,16660,196,6,9,0.85,340
8,864,16,3,3,0.20,108
15,1260,30,2,3,0.19,84
19,7125,95,4,6,0.23,375
8,2800,40,3,5,0.25,350
16,3968,64,3,3,0.06,248
8,1024,16,2,2,0.22,128
20,6900,100,5,7,0.17,345
16,2176,32,5,5,0.08,136
6,1710,30,5,5,0.13,285
5,1100,20,5,7,0.15,220
5,1005,15,2,2,0.18,201
12,3840,60,5,5,0.16,320
20,1800,40,3,3,0.08,90
20,8240,80,7,6,0.91,412
15,2655,45,5,7,0.11,177
11,2860,55,2,4,0.14,260
13,3705,65,4,5,0.06,285
11,2464,44,3,4,0.14,224
60,11880,180,7,10,0.79,198
13,1755,39,4,4,0.08,135
11,1980,33,5,7,0.08,180
6,984,24,5,5,0.20,164
17,1530,34,3,4,0.19,90
6,1368,18,4,5,0.15,228
40,35200,320,10,10,0.93,880
45,31860,270,7,6,0.93,708
55,50160,440,7,9,0.77,912
41,22960,328,6,5,0.86,560
8,2400,40,2,2,0.07,300
28,18480,168,8,8,0.74,660
18,4320,90,5,6,0.14,240
16,3200,80,2,2,0.11,200
31,5580,93,9,9,0.92,180
11,1210,22,2,3,0.20,110
20,3420,60,4,4,0.15,171
14,5390,70,5,5,0.09,385
38,12540,190,6,4,0.73,330
7,2660,35,3,3,0.24,380
55,27335,385,8,6,0.80,497
47,21150,282,9,8,0.87,450
14,1652,28,3,4,0.07,118
6,1176,24,5,5,0.22,196
11,1452,22,5,6,0.06,132
8,880,16,5,7,0.12,110
12,1980,36,2,3,0.19,165
9,1278,18,3,5,0.13,142
18,3564,54,3,4,0.20,198
52,26260,260,6,9,0.79,505
49,18522,294,7,9,0.89,378
33,16896,264,6,10,0.73,512
56,27440,392,9,5,0.85,490
12,2700,60,3,5,0.10,225
41,7995,123,8,4,0.71,195
20,6200,100,5,6,0.10,310
10,840,20,5,6,0.22,84
33,11220,165,5,4,0.78,340
19,4104,57,4,6,0.13,216
5,940,20,5,7,0.20,188
32,20928,192,9,9,0.83,654
53,27560,424,5,7,0.87,520
9,1755,27,2,3,0.14,195
35,13720,140,9,7,0.93,392
48,22848,192,5,4,0.94,476
20,2440,40,4,5,0.25,122
14,1932,28,4,6,0.09,138
16,3600,48,4,4,0.11,225
6,2010,30,3,3,0.16,335
14,4690,70,4,5,0.07,335
10,1410,30,2,4,0.08,141
32,14880,160,8,8,0.88,465
8,1280,16,4,4,0.06,160
32,14240,160,8,8,0.71,445
58,27492,348,9,10,0.95,474
9,2340,45,4,4,0.09,260
20,6100,100,5,6,0.15,305
13,1170,26,3,4,0.15,90
59,23836,236,5,7,0.98,404
53,25016,212,8,4,0.85,472
16,1968,48,2,3,0.06,123
28,9324,84,7,6,0.97,333
7,966,21,3,5,0.16,138
55,31680,330,6,8,0.85,576
16,2304,48,3,4,0.13,144
6,882,18,3,3,0.12,147
17,1972,34,5,5,0.18,116
7,903,21,5,6,0.09,129
42,23436,252,6,7,0.97,558
17,3876,51,3,4,0.09,228
6,1152,24,4,4,0.15,192
8,1368,24,3,3,0.12,171
17,4284,68,4,5,0.24,252
22,10560,132,6,5,0.80,480
6,864,12,5,6,0.22,144
11,2750,55,3,5,0.07,250
16,2208,32,3,4,0.24,138
15,4680,60,4,6,0.10,312
7,1652,28,5,7,0.24,236
20,3000,40,2,3,0.22,150
7,2135,35,4,4,0.18,305
17,3060,51,4,6,0.20,180
53,33019,371,5,10,0.77,623
38,15200,152,10,6,0.71,400
14,2576,56,2,2,0.08,184
14,4032,56,5,7,0.15,288
13,2964,52,5,7,0.11,228
10,3200,40,4,6,0.14,320
19,4712,76,5,6,0.22,248
20,4160,80,5,7,0.23,208
21,8652,84,8,5,0.74,412
19,3724,76,4,5,0.19,196
43,7740,129,5,6,0.84,180
17,1428,34,5,7,0.08,84
12,2700,36,2,4,0.06,225
52,31668,364,10,6,0.86,609
43,19608,172,10,6,0.77,456
18,2196,36,4,5,0.13,122
6,1152,18,3,3,0.12,192
7,2450,35,3,5,0.11,350
46,15640,230,7,10,0.77,340
17,6035,85,5,6,0.22,355
7,1134,21,4,6,0.22,162
17,3570,51,5,7,0.10,210
15,1590,30,5,6,0.08,106
12,1872,36,2,2,0.23,156
6,960,24,4,4,0.23,160
8,928,16,4,5,0.12,116
16,3200,64,2,2,0.24,200
33,21384,264,9,8,0.94,648
5,1675,25,5,6,0.24,335
9,2070,45,5,6,0.05,230
8,1072,16,5,7,0.22,134
34,21658,238,6,7,0.75,637
60,34500,300,10,8,0.89,575
16,2304,48,4,5,0.18,144
18,5940,90,3,3,0.05,330
14,2100,42,2,2,0.12,150
19,4047,57,3,3,0.13,213
13,1924,26,2,4,0.08,148
51,36414,306,5,9,0.89,714
13,2925,39,5,7,0.11,225
10,3050,50,2,2,0.18,305
60,57600,480,5,4,0.90,960
6,918,18,5,5,0.23,153
19,2888,38,2,4,0.18,152
55,31625,275,7,5,0.83,575
20,3120,60,5,7,0.06,156
40,17800,200,8,10,0.82,445
18,3996,54,4,5,0.10,222
15,2115,45,4,4,0.14,141
11,1056,22,3,5,0.06,96
14,1596,28,2,4,0.09,114
11,1716,22,2,2,0.11,156
10,3500,50,2,3,0.13,350
31,9672,124,5,6,0.74,312
60,27120,240,6,8,0.85,452
45,24480,360,7,5,0.94,544
53,10494,159,6,9,0.82,198
29,22504,232,7,7,0.91,776
6,852,12,2,4,0.15,142
12,2760,60,5,5,0.12,230
13,4550,65,2,2,0.20,350
9,1836,27,5,5,0.09,204
8,2360,40,5,5,0.17,295
46,32016,276,6,9,0.93,696
5,1950,25,3,3,0.09,390
7,966,21,5,6,0.13,138
45,17100,180,7,6,0.96,380
27,16524,162,7,8,0.86,612
23,8280,92,5,10,0.86,360
9,1800,36,5,7,0.09,200
6,1296,24,2,4,0.23,216
28,23744,224,8,4,0.84,848
42,21000,210,6,6,0.98,500
17,6800,85,4,5,0.14,400
18,2304,36,5,7,0.21,128
14,1680,28,2,4,0.23,120
5,1140,15,3,3,0.20,228
19,3952,76,4,5,0.10,208
15,3300,60,4,6,0.19,220
31,29016,248,5,5,0.88,936
41,22386,287,8,6,0.87,546
19,4180,76,5,5,0.23,220
29,19488,232,10,10,0.78,672
33,12078,198,7,7,0.75,366
22,10472,154,5,6,0.98,476
28,16464,168,7,5,0.75,588
20,7900,100,2,3,0.17,395
11,1540,22,3,3,0.22,140
5,1480,20,4,4,0.24,296
45,38160,360,10,6,0.89,848
11,2860,55,5,6,0.16,260
55,21175,275,8,8,0.75,385
29,19024,232,6,7,0.89,656
9,2592,36,5,7,0.08,288
17,2992,68,5,5,0.06,176
11,1518,22,2,3,0.22,138
6,1632,24,4,4,0.23,272
46,17480,184,8,4,0.93,380
15,3750,75,4,6,0.20,250
9,2133,27,3,3,0.23,237
11,1848,33,3,3,0.24,168
16,2272,32,5,6,0.18,142
49,32536,392,8,8,0.84,664
20,3780,60,5,7,0.21,189
33,14256,198,7,4,0.78,432
23,4968,69,9,9,0.78,216
20,5840,80,2,3,0.06,292
15,1200,30,2,4,0.12,80
20,4100,100,4,5,0.11,205
7,1365,21,2,4,0.06,195
10,1220,20,3,4,0.15,122
16,2544,48,3,3,0.23,159
59,45017,413,9,6,0.75,763
14,4424,56,2,4,0.09,316
13,2600,65,3,5,0.12,200
18,4248,72,5,5,0.18,236
46,29808,276,9,6,0.95,648
18,5220,90,2,2,0.22,290
7,854,14,2,3,0.23,122
6,624,12,3,4,0.08,104
14,3276,42,4,6,0.12,234
5,1000,25,2,2,0.24,200
12,3300,60,3,4,0.18,275
23,17112,184,9,9,0.78,744
31,10850,155,10,5,0.93,350
15,4200,75,3,3,0.20,280
19,7410,95,3,4,0.21,390
60,47520,480,6,7,0.89,792
6,1704,24,2,3,0.14,284
20,6700,100,5,6,0.25,335
9,2772,36,4,5,0.16,308
11,2915,55,4,4,0.12,265
17,4505,85,3,4,0.14,265
34,9996,102,6,4,0.90,294
15,4140,60,3,5,0.07,276
14,2912,56,3,5,0.17,208
12,3264,48,3,4,0.20,272
9,2160,45,3,5,0.11,240
14,1904,28,4,6,0.20,136
20,6500,100,3,3,0.17,325
11,3630,55,5,7,0.05,330
11,1815,33,4,4,0.06,165
56,16800,168,5,4,0.93,300
29,12528,116,9,4,0.95,432
57,23370,285,8,7,0.88,410
18,3960,90,4,6,0.17,220
32,23552,256,10,4,0.78,736
24,7344,72,8,10,0.90,306
15,2790,45,5,5,0.07,186
17,2618,34,4,6,0.17,154
7,2660,35,2,2,0.24,380
14,1848,28,3,3,0.15,132
9,2700,45,3,3,0.09,300
55,16005,165,10,7,0.79,291
38,26068,266,7,8,0.92,686
54,26082,378,10,5,0.91,483
41,23616,328,9,4,0.72,576
15,1980,30,5,6,0.13,132
41,15990,205,8,10,0.79,390
10,1350,30,4,5,0.09,135
9,3105,45,2,2,0.19,345
12,2664,36,2,2,0.06,222
8,912,16,2,4,0.19,114
9,1269,27,2,4,0.15,141
14,4144,56,4,4,0.24,296
6,960,12,5,5,0.20,160
14,2688,56,3,4,0.25,192
16,6160,80,5,6,0.22,385
6,1134,18,2,3,0.18,189
23,13800,138,9,7,0.89,600
53,18762,159,6,9,0.92,354
12,2880,36,4,5,0.18,240
19,5130,95,5,7,0.18,270
52,19032,312,9,9,0.93,366
5,580,10,4,4,0.24,116
21,14112,147,5,6,0.90,672
8,1680,40,3,5,0.16,210
20,4620,60,4,4,0.09,231
42,21462,294,10,10,0.93,511
16,3216,48,5,6,0.24,201
11,1650,22,2,4,0.11,150
10,4000,50,5,5,0.17,400
31,28024,248,7,9,0.91,904
7,1785,35,4,6,0.15,255
35,9030,105,7,9,0.98,258
12,1728,36,3,4,0.15,144
13,3432,52,2,2,0.15,264
17,4556,68,5,5,0.23,268
11,2915,55,3,3,0.12,265
12,3300,60,3,5,0.13,275
27,5184,81,5,6,0.72,192
11,3080,44,5,7,0.13,280
11,2244,44,4,4,0.10,204
10,3050,50,5,6,0.22,305
56,21728,224,6,5,0.84,388
7,1316,28,3,3,0.22,188
10,1830,30,3,5,0.07,183
53,46640,424,7,5,0.84,880
13,2548,52,4,5,0.06,196
14,1372,28,2,4,0.14,98
10,2340,30,2,3,0.13,234
6,1128,24,5,7,0.13,188
52,30940,364,5,8,0.84,595
14,2562,42,2,3,0.20,183
15,3375,45,2,2,0.23,225
46,9108,138,6,9,0.98,198
12,1440,36,2,2,0.09,120
9,1755,27,3,3,0.07,195
36,12096,144,5,10,0.92,336
59,27258,354,7,7,0.91,462
17,2295,51,5,7,0.16,135
50,32200,350,6,4,0.86,644
11,3168,44,2,4,0.12,288
20,3160,40,2,4,0.12,158
6,816,12,4,6,0.15,136
15,2070,45,2,2,0.19,138
46,19320,322,8,4,0.88,420
6,708,12,4,5,0.17,118
53,24804,212,6,4,0.85,468
35,22260,210,10,7,0.76,636
20,9720,120,6,6,0.74,486
14,2940,42,3,3,0.20,210
11,1683,33,4,4,0.09,153
19,4085,95,4,4,0.19,215
9,1755,27,3,3,0.12,195
19,4864,76,2,4,0.20,256
33,13860,198,10,9,0.72,420
6,672,12,2,3,0.05,112
16,3024,48,3,5,0.11,189
5,1875,25,5,6,0.21,375
10,2440,40,3,4,0.07,244
53,32436,318,8,9,0.80,612
17,3570,85,3,3,0.08,210
54,24840,216,9,10,0.73,460
12,1752,24,3,4,0.23,146
18,2844,36,2,2,0.20,158
18,1512,36,3,3,0.16,84
14,3080,70,4,4,0.13,220
5,1360,20,5,5,0.15,272
8,832,16,4,4,0.14,104
18,1728,36,4,5,0.11,96
21,8442,126,10,8,0.74,402
38,18354,266,5,6,0.80,483
12,1584,36,2,4,0.24,132
58,24360,406,5,9,0.86,420
14,4550,70,5,6,0.25,325
6,936,18,4,5,0.15,156
7,1106,14,3,3,0.14,158
13,2600,65,4,5,0.13,200
7,1120,14,4,5,0.24,160
21,16170,147,9,4,0.84,770
14,3276,42,4,5,0.13,234
10,2920,40,2,3,0.22,292
44,11088,176,9,8,0.79,252
45,19170,270,10,7,0.97,426
11,3905,55,4,5,0.17,355
19,1748,38,5,7,0.19,92
21,8820,84,7,8,0.79,420
42,13608,126,6,9,0.71,324
8,720,16,4,6,0.13,90
39,13650,195,5,5,0.87,350
14,3220,70,4,5,0.08,230
18,4680,90,2,4,0.14,260
16,3328,64,4,6,0.24,208
5,1040,20,5,6,0.11,208
6,792,12,3,3,0.05,132
56,23520,336,10,4,0.94,420
18,5256,72,4,6,0.08,292
18,3780,54,4,5,0.17,210
12,2820,60,3,3,0.05,235
27,13635,135,9,6,0.86,505
12,1968,48,3,4,0.17,164
13,3640,65,3,5,0.08,280
37,24087,259,5,5,0.82,651
5,410,10,3,4,0.22,82
40,13080,120,5,9,0.85,327
10,1530,30,3,4,0.11,153
39,31668,273,5,5,0.84,812
20,3180,60,5,6,0.23,159
13,4745,65,4,4,0.16,365
12,1104,24,4,6,0.20,92
55,30360,440,6,5,0.79,552
16,1568,32,4,6,0.10,98
27,20952,216,5,5,0.74,776
10,2220,30,4,5,0.10,222
26,13572,156,9,10,0.90,522
6,504,12,4,5,0.24,84
51,14076,204,5,9,0.85,276
12,2400,48,5,6,0.22,200
11,3135,55,3,5,0.14,285
32,10080,96,6,10,0.77,315
9,1323,27,5,5,0.11,147
13,1911,39,5,6,0.10,147
32,7872,96,8,10,0.79,246
16,1600,32,3,5,0.18,100
12,4140,60,2,2,0.23,345
10,3850,50,3,3,0.08,385
6,984,24,2,3,0.17,164
17,1530,34,2,2,0.22,90
20,1920,40,4,4,0.20,96
9,1998,27,2,3,0.19,222
21,6468,84,9,10,0.93,308
21,12852,126,9,6,0.84,612
42,17976,168,7,9,0.89,428
15,1980,30,4,5,0.08,132
22,15708,132,7,9,0.81,714
60,15600,240,9,9,0.96,260
9,2430,45,3,3,0.20,270
6,1320,24,5,5,0.18,220
18,2880,72,4,4,0.23,160
12,2940,60,5,5,0.16,245
31,15996,186,10,9,0.73,516
19,3572,76,2,2,0.06,188
14,1176,28,4,5,0.13,84
6,960,12,5,5,0.24,160
10,1560,20,3,3,0.13,156
33,24717,231,5,6,0.77,749
8,1584,24,2,3,0.20,198
5,1320,20,3,5,0.19,264
9,720,18,2,4,0.14,80
30,14400,150,6,6,0.83,480
10,2050,50,3,5,0.10,205
10,1800,30,2,3,0.16,180
15,4740,60,4,5,0.15,316
33,11715,165,7,5,0.80,355
16,2016,48,4,4,0.25,126
15,3540,60,5,7,0.18,236
33,10560,132,7,5,0.70,320
6,1080,24,3,3,0.22,180
48,22464,192,7,10,0.82,468
8,1264,16,4,5,0.08,158
14,3108,42,5,6,0.10,222
10,2040,40,5,7,0.24,204
6,828,12,4,6,0.08,138
60,55200,480,6,9,0.94,920
16,3696,48,3,3,0.21,231
17,5032,68,3,3,0.14,296
19,5016,76,3,4,0.10,264
10,2200,50,2,3,0.06,220
46,21804,276,8,5,0.76,474
9,1566,27,2,2,0.07,174
10,2160,40,3,5,0.20,216
5,1500,20,2,3,0.18,300
59,29500,295,7,4,0.90,500
7,1484,28,3,3,0.23,212
20,4200,60,4,4,0.17,210
44,24332,308,8,5,0.95,553
19,3363,57,5,7,0.14,177
6,600,12,5,6,0.25,100
42,22890,210,8,8,0.97,545
17,6460,85,2,3,0.20,380
53,21200,265,8,10,0.84,400
9,1512,36,3,4,0.13,168
9,2160,27,5,5,0.11,240
10,3100,50,3,5,0.07,310
26,11700,130,6,5,0.89,450
11,2508,33,5,6,0.18,228
8,2336,32,5,6,0.08,292
11,1980,44,4,5,0.06,180
12,2976,48,4,6,0.10,248
5,1075,25,3,4,0.06,215
5,1120,20,2,4,0.06,224
22,4818,66,5,10,0.76,219
60,28560,240,9,6,0.93,476
7,756,14,3,5,0.14,108
5,690,10,4,5,0.19,138
7,1092,14,5,5,0.22,156
28,20384,224,7,9,0.86,728
7,2590,35,2,3,0.18,370
41,8733,123,9,10,0.80,213
12,1488,24,3,5,0.09,124
42,27636,294,7,4,0.74,658
48,24000,240,7,8,0.78,500
45,19800,225,10,5,0.77,440
15,1800,45,2,2,0.13,120
19,6460,95,3,3,0.16,340
9,1890,27,5,6,0.12,210
5,1250,25,4,5,0.08,250
17,2516,34,3,5,0.07,148
16,4800,80,3,4,0.18,300
19,1596,38,3,3,0.12,84
26,19110,182,6,5,0.85,735
52,9984,156,5,4,0.79,192
15,2160,45,4,5,0.18,144
53,36729,371,6,9,0.91,693
19,7220,95,5,7,0.09,380
15,2400,30,5,6,0.12,160
12,1440,24,3,4,0.20,120
14,3220,70,5,7,0.11,230
9,1971,27,2,2,0.09,219
21,17493,147,10,10,0.96,833
27,23976,216,5,8,0.96,888
19,2451,57,3,4,0.07,129
20,2640,60,4,4,0.19,132
19,6175,95,3,5,0.13,325
49,15288,147,8,9,0.84,312
9,2880,45,5,7,0.20,320
53,18603,159,6,7,0.70,351
41,34440,287,7,4,0.91,840
43,16770,215,9,6,0.84,390
55,26400,275,7,9,0.71,480
14,2310,42,5,5,0.12,165
17,3825,85,5,7,0.12,225
10,1040,20,4,6,0.24,104
8,880,16,5,6,0.14,110
13,2444,52,2,4,0.14,188
18,3780,90,4,6,0.18,210
49,17836,196,7,6,0.85,364
26,9360,104,10,8,0.83,360
19,3648,57,5,6,0.19,192
5,1050,15,4,4,0.11,210
21,6174,63,7,10,0.75,294
47,16544,188,10,8,0.89,352
13,2080,26,5,7,0.19,160
20,18880,160,8,4,0.76,944
10,2680,40,5,6,0.13,268
19,2793,57,4,5,0.20,147
1,200,1,1,1,0.1,200
1,200,1,1,1,0.1,200
1,200,1,1,1,0.1,200
1,200,1,1,1,0.1,200
17,1904,34,3,5,0.15,112
1,200,1,1,1,0.1,200
1,200,1,1,1,0.1,200
1,200,1,1,1,0.1,200
1,200,1,1,1,0.1,200
1,200,1,1,1,0.1,200
1,200,1,1,1,0.1,200
1,200,1,1,1,0.1,200
6,2400,30,3,5,0.11,400
1,200,1,1,1,0.1,200
1,200,1,1,1,0.1,200
1,200,1,1,1,0.1,200
1,200,1,1,1,0.1,200
1,200,1,1,1,0.1,200
1,200,1,1,1,0.1,200
1,200,1,1,1,0.1,200
1,200,1,1,1,0.1,200
1,200,1,1,1,0.1,200
1,200,1,1,1,0.1,200
1,200,1,1,1,0.1,200
1,200,1,1,1,0.1,200
1,200,1,1,1,0.1,200
1,200,1,1,1,0.1,200
7,1680,28,3,5,0.19,240
1,200,1,1,1,0.1,200
1,200,1,1,1,0.1,200
1,200,1,1,1,0.1,200
1,200,1,1,1,0.1,200
1,200,1,1,1,0.1,200
1,200,1,1,1,0.1,200
1,200,1,1,1,0.1,200
1,200,1,1,1,0.1,200
1,200,1,1,1,0.1,200
1,200,1,1,1,0.1,200
1,200,1,1,1,0.1,200
1,200,1,1,1,0.1,200
1,200,1,1,1,0.1,200
1,200,1,1,1,0.1,200
1,200,1,1,1,0.1,200
9,2412,36,4,4,0.07,268
1,200,1,1,1,0.1,200
1,200,1,1,1,0.1,200
1,200,1,1,1,0.1,200
1,200,1,1,1,0.1,200
1,200,1,1,1,0.1,200
1,200,1,1,1,0.1,200
1,200,1,1,1,0.1,200
12,3072,48,5,5,0.24,256
1,200,1,1,1,0.1,200
1,200,1,1,1,0.1,200
1,200,1,1,1,0.1,200
1,200,1,1,1,0.1,200
1,200,1,1,1,0.1,200
1,200,1,1,1,0.1,200
1,200,1,1,1,0.1,200
1,200,1,1,1,0.1,200
1,200,1,1,1,0.1,200
1,200,1,1,1,0.1,200
1,200,1,1,1,0.1,200
1,200,1,1,1,0.1,200
1,200,1,1,1,0.1,200
1,200,1,1,1,0.1,200
8,2400,32,3,3,0.10,300
1,200,1,1,1,0.1,200
1,200,1,1,1,0.1,200
1,200,1,1,1,0.1,200
1,200,1,1,1,0.1,200
1,200,1,1,1,0.1,200
1,200,1,1,1,0.1,200
1,200,1,1,1,0.1,200
12,1872,36,2,2,0.06,156
1,200,1,1,1,0.1,200
1,200,1,1,1,0.1,200
1,200,1,1,1,0.1,200
1,200,1,1,1,0.1,200
1,200,1,1,1,0.1,200
1,200,1,1,1,0.1,200
1,200,1,1,1,0.1,200
1,200,1,1,1,0.1,200
1,200,1,1,1,0.1,200
1,200,1,1,1,0.1,200
1,200,1,1,1,0.1,200
32,20160,224,8,5,0.95,630
1,200,1,1,1,0.1,200
1,200,1,1,1,0.1,200
1,200,1,1,1,0.1,200
1,200,1,1,1,0.1,200
1,200,1,1,1,0.1,200
1,200,1,1,1,0.1,200
1,200,1,1,1,0.1,200
1,200,1,1,1,0.1,200
1,200,1,1,1,0.1,200
1,200,1,1,1,0.1,200
1,200,1,1,1,0.1,200
1,200,1,1,1,0.1,200
38,17100,228,7,6,0.73,450
1,200,1,1,1,0.1,200
1,200,1,1,1,0.1,200
1,200,1,1,1,0.1,200
1,200,1,1,1,0.1,200
1,200,1,1,1,0.1,200
1,200,1,1,1,0.1,200
1,200,1,1,1,0.1,200
1,200,1,1,1,0.1,200
1,200,1,1,1,0.1,200
1,200,1,1,1,0.1,200
12,1896,24,3,4,0.15,158
1,200,1,1,1,0.1,200
1,200,1,1,1,0.1,200
1,200,1,1,1,0.1,200
1,200,1,1,1,0.1,200
1,200,1,1,1,0.1,200
1,200,1,1,1,0.1,200
1,200,1,1,1,0.1,200
1,200,1,1,1,0.1,200
1,200,1,1,1,0.1,200
1,200,1,1,1,0.1,200
1,200,1,1,1,0.1,200
1,200,1,1,1,0.1,200
20,6600,100,4,4,0.14,330
1,200,1,1,1,0.1,200
1,200,1,1,1,0.1,200
1,200,1,1,1,0.1,200
1,200,1,1,1,0.1,200
1,200,1,1,1,0.1,200
1,200,1,1,1,0.1,200
1,200,1,1,1,0.1,200
1,200,1,1,1,0.1,200
1,200,1,1,1,0.1,200
1,200,1,1,1,0.1,200
58,38976,464,9,10,0.85,672
1,200,1,1,1,0.1,200
1,200,1,1,1,0.1,200
1,200,1,1,1,0.1,200
1,200,1,1,1,0.1,200
1,200,1,1,1,0.1,200
1,200,1,1,1,0.1,200
1,200,1,1,1,0.1,200
1,200,1,1,1,0.1,200
1,200,1,1,1,0.1,200
1,200,1,1,1,0.1,200
1,200,1,1,1,0.1,200
19,5795,95,4,6,0.14,305
1,200,1,1,1,0.1,200
1,200,1,1,1,0.1,200
1,200,1,1,1,0.1,200
1,200,1,1,1,0.1,200
1,200,1,1,1,0.1,200
1,200,1,1,1,0.1,200
6,720,18,3,4,0.15,120
1,200,1,1,1,0.1,200
1,200,1,1,1,0.1,200
1,200,1,1,1,0.1,200
1,200,1,1,1,0.1,200
1,200,1,1,1,0.1,200
1,200,1,1,1,0.1,200
1,200,1,1,1,0.1,200
1,200,1,1,1,0.1,200
1,200,1,1,1,0.1,200
42,11088,126,9,10,0.90,264
1,200,1,1,1,0.1,200
1,200,1,1,1,0.1,200
1,200,1,1,1,0.1,200
1,200,1,1,1,0.1,200
1,200,1,1,1,0.1,200
1,200,1,1,1,0.1,200
1,200,1,1,1,0.1,200
1,200,1,1,1,0.1,200
1,200,1,1,1,0.1,200
1,200,1,1,1,0.1,200
1,200,1,1,1,0.1,200
21,13482,126,10,9,0.95,642
1,200,1,1,1,0.1,200
1,200,1,1,1,0.1,200
1,200,1,1,1,0.1,200
1,200,1,1,1,0.1,200
1,200,1,1,1,0.1,200
9,1863,27,4,6,0.14,207
1,200,1,1,1,0.1,200
1,200,1,1,1,0.1,200
1,200,1,1,1,0.1,200
1,200,1,1,1,0.1,200
1,200,1,1,1,0.1,200
1,200,1,1,1,0.1,200
1,200,1,1,1,0.1,200
1,200,1,1,1,0.1,200
13,1144,26,4,5,0.08,88
1,200,1,1,1,0.1,200
1,200,1,1,1,0.1,200
1,200,1,1,1,0.1,200
1,200,1,1,1,0.1,200
1,200,1,1,1,0.1,200
1,200,1,1,1,0.1,200
1,200,1,1,1,0.1,200
1,200,1,1,1,0.1,200
1,200,1,1,1,0.1,200
1,200,1,1,1,0.1,200
1,200,1,1,1,0.1,200
1,200,1,1,1,0.1,200
7,1428,28,5,5,0.10,204
1,200,1,1,1,0.1,200
1,200,1,1,1,0.1,200
1,200,1,1,1,0.1,200
1,200,1,1,1,0.1,200
1,200,1,1,1,0.1,200
20,3600,80,5,6,0.20,180
1,200,1,1,1,0.1,200
1,200,1,1,1,0.1,200
1,200,1,1,1,0.1,200
1,200,1,1,1,0.1,200
1,200,1,1,1,0.1,200
1,200,1,1,1,0.1,200
1,200,1,1,1,0.1,200
1,200,1,1,1,0.1,200
1,200,1,1,1,0.1,200
1,200,1,1,1,0.1,200
1,200,1,1,1,0.1,200
1,200,1,1,1,0.1,200
1,200,1,1,1,0.1,200
5,1060,20,3,4,0.25,212
1,200,1,1,1,0.1,200
1,200,1,1,1,0.1,200
1,200,1,1,1,0.1,200
1,200,1,1,1,0.1,200
1,200,1,1,1,0.1,200
1,200,1,1,1,0.1,200
1,200,1,1,1,0.1,200
1,200,1,1,1,0.1,200
20,6200,100,5,5,0.07,310
1,200,1,1,1,0.1,200
1,200,1,1,1,0.1,200
1,200,1,1,1,0.1,200
1,200,1,1,1,0.1,200
1,200,1,1,1,0.1,200
1,200,1,1,1,0.1,200
1,200,1,1,1,0.1,200
40,20160,240,9,8,0.75,504
1,200,1,1,1,0.1,200
1,200,1,1,1,0.1,200
1,200,1,1,1,0.1,200
1,200,1,1,1,0.1,200
1,200,1,1,1,0.1,200
1,200,1,1,1,0.1,200
1,200,1,1,1,0.1,200
5,560,10,2,2,0.22,112
1,200,1,1,1,0.1,200
1,200,1,1,1,0.1,200
1,200,1,1,1,0.1,200
1,200,1,1,1,0.1,200
1,200,1,1,1,0.1,200
1,200,1,1,1,0.1,200
1,200,1,1,1,0.1,200
1,200,1,1,1,0.1,200
1,200,1,1,1,0.1,200
1,200,1,1,1,0.1,200
13,1846,26,5,5,0.10,142
1,200,1,1,1,0.1,200
1,200,1,1,1,0.1,200
1,200,1,1,1,0.1,200
1,200,1,1,1,0.1,200
1,200,1,1,1,0.1,200
1,200,1,1,1,0.1,200
1,200,1,1,1,0.1,200
1,200,1,1,1,0.1,200
1,200,1,1,1,0.1,200
1,200,1,1,1,0.1,200
1,200,1,1,1,0.1,200
1,200,1,1,1,0.1,200
1,200,1,1,1,0.1,200
1,200,1,1,1,0.1,200
46,30268,322,8,7,0.83,658
1,200,1,1,1,0.1,200
1,200,1,1,1,0.1,200
1,200,1,1,1,0.1,200
1,200,1,1,1,0.1,200
1,200,1,1,1,0.1,200
1,200,1,1,1,0.1,200
1,200,1,1,1,0.1,200
1,200,1,1,1,0.1,200
1,200,1,1,1,0.1,200
1,200,1,1,1,0.1,200
1,200,1,1,1,0.1,200
12,1896,24,5,5,0.23,158
1,200,1,1,1,0.1,200
1,200,1,1,1,0.1,200
1,200,1,1,1,0.1,200
1,200,1,1,1,0.1,200
1,200,1,1,1,0.1,200
1,200,1,1,1,0.1,200
1,200,1,1,1,0.1,200
1,200,1,1,1,0.1,200
1,200,1,1,1,0.1,200
6,2310,30,4,4,0.10,385
1,200,1,1,1,0.1,200
1,200,1,1,1,0.1,200
1,200,1,1,1,0.1,200
1,200,1,1,1,0.1,200
1,200,1,1,1,0.1,200
1,200,1,1,1,0.1,200
1,200,1,1,1,0.1,200
1,200,1,1,1,0.1,200
1,200,1,1,1,0.1,200
1,200,1,1,1,0.1,200
16,3392,64,3,4,0.23,212
1,200,1,1,1,0.1,200
1,200,1,1,1,0.1,200
1,200,1,1,1,0.1,200
1,200,1,1,1,0.1,200
1,200,1,1,1,0.1,200
1,200,1,1,1,0.1,200
1,200,1,1,1,0.1,200
9,1008,18,5,7,0.19,112
1,200,1,1,1,0.1,200
1,200,1,1,1,0.1,200
1,200,1,1,1,0.1,200
1,200,1,1,1,0.1,200
1,200,1,1,1,0.1,200
1,200,1,1,1,0.1,200
1,200,1,1,1,0.1,200
1,200,1,1,1,0.1,200
1,200,1,1,1,0.1,200
1,200,1,1,1,0.1,200
1,200,1,1,1,0.1,200
1,200,1,1,1,0.1,200
13,1950,39,2,4,0.25,150
1,200,1,1,1,0.1,200
1,200,1,1,1,0.1,200
1,200,1,1,1,0.1,200
1,200,1,1,1,0.1,200
1,200,1,1,1,0.1,200
1,200,1,1,1,0.1,200
1,200,1,1,1,0.1,200
1,200,1,1,1,0.1,200
1,200,1,1,1,0.1,200
1,200,1,1,1,0.1,200
1,200,1,1,1,0.1,200
1,200,1,1,1,0.1,200
12,2640,60,4,4,0.12,220
1,200,1,1,1,0.1,200
1,200,1,1,1,0.1,200
1,200,1,1,1,0.1,200
1,200,1,1,1,0.1,200
1,200,1,1,1,0.1,200
1,200,1,1,1,0.1,200
1,200,1,1,1,0.1,200
1,200,1,1,1,0.1,200
1,200,1,1,1,0.1,200
7,1449,21,2,4,0.13,207
1,200,1,1,1,0.1,200
1,200,1,1,1,0.1,200
1,200,1,1,1,0.1,200
1,200,1,1,1,0.1,200
1,200,1,1,1,0.1,200
1,200,1,1,1,0.1,200
1,200,1,1,1,0.1,200
1,200,1,1,1,0.1,200
1,200,1,1,1,0.1,200
1,200,1,1,1,0.1,200
1,200,1,1,1,0.1,200
1,200,1,1,1,0.1,200
1,200,1,1,1,0.1,200
1,200,1,1,1,0.1,200
9,2880,36,3,4,0.14,320
1,200,1,1,1,0.1,200
1,200,1,1,1,0.1,200
1,200,1,1,1,0.1,200
1,200,1,1,1,0.1,200
1,200,1,1,1,0.1,200
1,200,1,1,1,0.1,200
1,200,1,1,1,0.1,200
1,200,1,1,1,0.1,200
1,200,1,1,1,0.1,200
18,3834,54,2,2,0.11,213
1,200,1,1,1,0.1,200
1,200,1,1,1,0.1,200
1,200,1,1,1,0.1,200
1,200,1,1,1,0.1,200
1,200,1,1,1,0.1,200
1,200,1,1,1,0.1,200
1,200,1,1,1,0.1,200
1,200,1,1,1,0.1,200
1,200,1,1,1,0.1,200
1,200,1,1,1,0.1,200
1,200,1,1,1,0.1,200
21,8967,147,8,8,0.78,427
1,200,1,1,1,0.1,200
1,200,1,1,1,0.1,200
1,200,1,1,1,0.1,200
1,200,1,1,1,0.1,200
1,200,1,1,1,0.1,200
1,200,1,1,1,0.1,200
1,200,1,1,1,0.1,200
1,200,1,1,1,0.1,200
1,200,1,1,1,0.1,200
1,200,1,1,1,0.1,200
1,200,1,1,1,0.1,200
1,200,1,1,1,0.1,200
1,200,1,1,1,0.1,200
15,1830,30,5,6,0.25,122
1,200,1,1,1,0.1,200
1,200,1,1,1,0.1,200
1,200,1,1,1,0.1,200
1,200,1,1,1,0.1,200
1,200,1,1,1,0.1,200
1,200,1,1,1,0.1,200
1,200,1,1,1,0.1,200
1,200,1,1,1,0.1,200
1,200,1,1,1,0.1,200
1,200,1,1,1,0.1,200
1,200,1,1,1,0.1,200
1,200,1,1,1,0.1,200
1,200,1,1,1,0.1,200
20,2160,40,4,6,0.07,108
1,200,1,1,1,0.1,200
1,200,1,1,1,0.1,200
1,200,1,1,1,0.1,200
1,200,1,1,1,0.1,200
1,200,1,1,1,0.1,200
1,200,1,1,1,0.1,200
1,200,1,1,1,0.1,200
1,200,1,1,1,0.1,200
15,2790,45,4,6,0.11,186
1,200,1,1,1,0.1,200
1,200,1,1,1,0.1,200
1,200,1,1,1,0.1,200
1,200,1,1,1,0.1,200
1,200,1,1,1,0.1,200
1,200,1,1,1,0.1,200
1,200,1,1,1,0.1,200
1,200,1,1,1,0.1,200
1,200,1,1,1,0.1,200
1,200,1,1,1,0.1,200
1,200,1,1,1,0.1,200
1,200,1,1,1,0.1,200
1,200,1,1,1,0.1,200
1,200,1,1,1,0.1,200
8,1880,40,3,3,0.11,235
1,200,1,1,1,0.1,200
1,200,1,1,1,0.1,200
1,200,1,1,1,0.1,200
1,200,1,1,1,0.1,200
1,200,1,1,1,0.1,200
1,200,1,1,1,0.1,200
1,200,1,1,1,0.1,200
1,200,1,1,1,0.1,200
1,200,1,1,1,0.1,200
1,200,1,1,1,0.1,200
1,200,1,1,1,0.1,200
1,200,1,1,1,0.1,200
1,200,1,1,1,0.1,200
23,16560,184,6,7,0.96,720
1,200,1,1,1,0.1,200
1,200,1,1,1,0.1,200
1,200,1,1,1,0.1,200
1,200,1,1,1,0.1,200
1,200,1,1,1,0.1,200
1,200,1,1,1,0.1,200
1,200,1,1,1,0.1,200
19,4028,76,2,2,0.10,212
1,200,1,1,1,0.1,200
1,200,1,1,1,0.1,200
1,200,1,1,1,0.1,200
1,200,1,1,1,0.1,200
1,200,1,1,1,0.1,200
1,200,1,1,1,0.1,200
27,11718,189,5,8,0.90,434
1,200,1,1,1,0.1,200
1,200,1,1,1,0.1,200
1,200,1,1,1,0.1,200
1,200,1,1,1,0.1,200
1,200,1,1,1,0.1,200
10,2100,30,3,4,0.21,210
1,200,1,1,1,0.1,200
1,200,1,1,1,0.1,200
1,200,1,1,1,0.1,200
1,200,1,1,1,0.1,200
1,200,1,1,1,0.1,200
1,200,1,1,1,0.1,200
1,200,1,1,1,0.1,200
1,200,1,1,1,0.1,200
1,200,1,1,1,0.1,200
1,200,1,1,1,0.1,200
1,200,1,1,1,0.1,200
1,200,1,1,1,0.1,200
1,200,1,1,1,0.1,200
1,200,1,1,1,0.1,200
6,1890,30,5,6,0.09,315
1,200,1,1,1,0.1,200
1,200,1,1,1,0.1,200
1,200,1,1,1,0.1,200
1,200,1,1,1,0.1,200
1,200,1,1,1,0.1,200
1,200,1,1,1,0.1,200
1,200,1,1,1,0.1,200
1,200,1,1,1,0.1,200
1,200,1,1,1,0.1,200
1,200,1,1,1,0.1,200
1,200,1,1,1,0.1,200
10,3350,50,4,5,0.14,335
1,200,1,1,1,0.1,200
1,200,1,1,1,0.1,200
1,200,1,1,1,0.1,200
1,200,1,1,1,0.1,200
1,200,1,1,1,0.1,200
1,200,1,1,1,0.1,200
1,200,1,1,1,0.1,200
1,200,1,1,1,0.1,200
1,200,1,1,1,0.1,200
1,200,1,1,1,0.1,200
6,2190,30,3,3,0.09,365
1,200,1,1,1,0.1,200
1,200,1,1,1,0.1,200
1,200,1,1,1,0.1,200
1,200,1,1,1,0.1,200
1,200,1,1,1,0.1,200
1,200,1,1,1,0.1,200
24,13776,168,9,10,0.74,574
1,200,1,1,1,0.1,200
1,200,1,1,1,0.1,200
1,200,1,1,1,0.1,200
1,200,1,1,1,0.1,200
1,200,1,1,1,0.1,200
1,200,1,1,1,0.1,200
1,200,1,1,1,0.1,200
1,200,1,1,1,0.1,200
11,4070,55,5,6,0.06,370
1,200,1,1,1,0.1,200
1,200,1,1,1,0.1,200
1,200,1,1,1,0.1,200
1,200,1,1,1,0.1,200
1,200,1,1,1,0.1,200
1,200,1,1,1,0.1,200
1,200,1,1,1,0.1,200
1,200,1,1,1,0.1,200
1,200,1,1,1,0.1,200
1,200,1,1,1,0.1,200
13,4290,65,5,5,0.23,330
1,200,1,1,1,0.1,200
1,200,1,1,1,0.1,200
1,200,1,1,1,0.1,200
1,200,1,1,1,0.1,200
1,200,1,1,1,0.1,200
1,200,1,1,1,0.1,200
1,200,1,1,1,0.1,200
1,200,1,1,1,0.1,200
1,200,1,1,1,0.1,200
1,200,1,1,1,0.1,200
1,200,1,1,1,0.1,200
1,200,1,1,1,0.1,200
1,200,1,1,1,0.1,200
1,200,1,1,1,0.1,200
1,200,1,1,1,0.1,200
21,5964,84,7,9,0.91,284
1,200,1,1,1,0.1,200
1,200,1,1,1,0.1,200
1,200,1,1,1,0.1,200
1,200,1,1,1,0.1,200
1,200,1,1,1,0.1,200
1,200,1,1,1,0.1,200
1,200,1,1,1,0.1,200
1,200,1,1,1,0.1,200
1,200,1,1,1,0.1,200
11,3465,55,2,4,0.12,315
1,200,1,1,1,0.1,200
1,200,1,1,1,0.1,200
1,200,1,1,1,0.1,200
1,200,1,1,1,0.1,200
1,200,1,1,1,0.1,200
1,200,1,1,1,0.1,200
1,200,1,1,1,0.1,200
1,200,1,1,1,0.1,200
1,200,1,1,1,0.1,200
1,200,1,1,1,0.1,200
1,200,1,1,1,0.1,200
1,200,1,1,1,0.1,200
1,200,1,1,1,0.1,200
14,2968,56,5,7,0.22,212
1,200,1,1,1,0.1,200
1,200,1,1,1,0.1,200
1,200,1,1,1,0.1,200
1,200,1,1,1,0.1,200
1,200,1,1,1,0.1,200
7,658,14,4,4,0.07,94
1,200,1,1,1,0.1,200
1,200,1,1,1,0.1,200
1,200,1,1,1,0.1,200
1,200,1,1,1,0.1,200
1,200,1,1,1,0.1,200
1,200,1,1,1,0.1,200
1,200,1,1,1,0.1,200
1,200,1,1,1,0.1,200
1,200,1,1,1,0.1,200
14,1764,42,4,4,0.14,126
1,200,1,1,1,0.1,200
1,200,1,1,1,0.1,200
1,200,1,1,1,0.1,200
1,200,1,1,1,0.1,200
1,200,1,1,1,0.1,200
1,200,1,1,1,0.1,200
19,3192,76,2,4,0.19,168
1,200,1,1,1,0.1,200
1,200,1,1,1,0.1,200
1,200,1,1,1,0.1,200
1,200,1,1,1,0.1,200
1,200,1,1,1,0.1,200
1,200,1,1,1,0.1,200
20,10400,100,6,8,0.89,520
1,200,1,1,1,0.1,200
1,200,1,1,1,0.1,200
1,200,1,1,1,0.1,200
1,200,1,1,1,0.1,200
1,200,1,1,1,0.1,200
1,200,1,1,1,0.1,200
9,2295,45,3,4,0.25,255
1,200,1,1,1,0.1,200
1,200,1,1,1,0.1,200
1,200,1,1,1,0.1,200
1,200,1,1,1,0.1,200
1,200,1,1,1,0.1,200
1,200,1,1,1,0.1,200
1,200,1,1,1,0.1,200
1,200,1,1,1,0.1,200
1,200,1,1,1,0.1,200
1,200,1,1,1,0.1,200
1,200,1,1,1,0.1,200
1,200,1,1,1,0.1,200
1,200,1,1,1,0.1,200
1,200,1,1,1,0.1,200
60,21600,180,5,4,0.96,360
1,200,1,1,1,0.1,200
1,200,1,1,1,0.1,200
1,200,1,1,1,0.1,200
1,200,1,1,1,0.1,200
1,200,1,1,1,0.1,200
1,200,1,1,1,0.1,200
1,200,1,1,1,0.1,200
1,200,1,1,1,0.1,200
1,200,1,1,1,0.1,200
5,1375,25,2,3,0.16,275
1,200,1,1,1,0.1,200
1,200,1,1,1,0.1,200
1,200,1,1,1,0.1,200
1,200,1,1,1,0.1,200
1,200,1,1,1,0.1,200
1,200,1,1,1,0.1,200
1,200,1,1,1,0.1,200
1,200,1,1,1,0.1,200
1,200,1,1,1,0.1,200
32,10080,160,6,10,0.75,315
1,200,1,1,1,0.1,200
1,200,1,1,1,0.1,200
1,200,1,1,1,0.1,200
1,200,1,1,1,0.1,200
1,200,1,1,1,0.1,200
1,200,1,1,1,0.1,200
1,200,1,1,1,0.1,200
1,200,1,1,1,0.1,200
1,200,1,1,1,0.1,200
1,200,1,1,1,0.1,200
1,200,1,1,1,0.1,200
1,200,1,1,1,0.1,200
1,200,1,1,1,0.1,200
9,2448,36,2,2,0.05,272
1,200,1,1,1,0.1,200
14,2436,42,5,5,0.06,174
38,9576,152,7,6,0.75,252
14,2058,42,3,5,0.10,147
27,15930,135,6,7,0.80,590
51,45696,408,10,9,0.83,896
15,3975,75,2,2,0.05,265
14,5390,70,5,7,0.13,385
5,880,20,3,3,0.15,176
18,4176,72,3,4,0.08,232
13,1872,26,2,3,0.09,144
12,2304,36,4,5,0.15,192
42,14112,168,9,8,0.70,336
13,1924,26,4,4,0.12,148
41,12136,164,6,7,0.97,296
17,4165,85,2,4,0.09,245
13,1794,26,5,7,0.19,138
9,1872,36,2,4,0.19,208
57,44688,456,6,9,0.89,784
19,4180,95,3,5,0.15,220
16,5600,80,5,6,0.13,350
20,16800,140,10,6,0.76,840
13,2392,52,5,6,0.13,184
12,3456,48,3,3,0.08,288
8,1312,32,2,3,0.06,164
59,16048,236,9,4,0.86,272
30,9120,120,8,8,0.78,304
19,1672,38,2,4,0.17,88
17,3213,51,4,6,0.22,189
18,1512,36,5,5,0.17,84
14,2898,42,4,6,0.19,207
16,5056,64,4,4,0.24,316
12,1272,24,5,5,0.24,106
42,29568,336,8,7,0.85,704
11,2541,33,5,5,0.24,231
54,32400,324,9,10,0.77,600
6,900,18,2,4,0.09,150
22,9702,154,5,7,0.91,441
15,2070,45,3,5,0.18,138
17,4029,51,3,3,0.24,237
11,1815,33,5,7,0.08,165
20,11160,120,9,4,0.88,558
5,460,10,5,5,0.10,92
7,714,14,4,4,0.25,102
6,1350,18,5,5,0.16,225
15,2100,30,4,6,0.19,140
13,2964,39,2,4,0.09,228
16,5040,80,5,5,0.11,315
18,5328,72,3,3,0.15,296
18,3564,54,2,2,0.16,198
10,1840,40,5,6,0.15,184
11,2992,44,5,6,0.07,272
28,12040,140,9,8,0.98,430
17,2312,34,2,3,0.09,136
15,2520,45,4,5,0.07,168
8,1704,24,3,4,0.17,213
9,2610,45,5,5,0.22,290
8,1376,32,3,3,0.15,172
16,1600,32,3,4,0.18,100
7,1400,28,5,5,0.06,200
19,6840,95,4,5,0.06,360
10,4000,50,2,3,0.13,400
28,14700,196,7,8,0.80,525
20,6300,100,4,4,0.12,315
11,4290,55,4,6,0.13,390
11,2420,55,4,6,0.22,220
36,16128,144,9,6,0.81,448
39,12519,117,7,6,0.80,321
12,1560,24,2,2,0.09,130
26,18096,208,10,4,0.72,696
30,6570,90,7,4,0.94,219
12,1464,24,5,6,0.22,122
17,2040,51,4,5,0.17,120
15,2250,30,2,4,0.21,150
18,3168,72,4,4,0.24,176
15,4500,60,5,6,0.09,300
54,34776,378,10,10,0.74,644
51,14688,153,7,4,0.94,288
8,928,16,5,7,0.09,116
5,400,10,4,5,0.24,80
13,1794,26,2,4,0.19,138
14,1736,28,2,2,0.17,124
20,2760,60,5,7,0.17,138
18,4500,90,4,4,0.21,250
20,2800,40,3,5,0.20,140
20,10300,100,7,7,0.77,515
6,1152,18,2,4,0.09,192
17,2720,34,5,5,0.05,160
14,2940,70,5,5,0.20,210
13,1924,26,3,4,0.14,148
39,17940,156,8,9,0.98,460
34,10200,136,6,7,0.95,300
13,1352,26,3,3,0.10,104
25,11800,100,9,4,0.88,472
42,18270,210,9,6,0.81,435
19,3800,76,5,5,0.14,200
9,1242,27,4,6,0.24,138
34,16864,272,10,9,0.93,496
12,4020,60,3,5,0.07,335
15,2250,45,2,4,0.08,150
10,3040,40,4,4,0.21,304
9,2052,27,5,7,0.10,228
8,2600,40,2,4,0.06,325
14,2688,42,5,6,0.12,192
8,1536,32,5,7,0.25,192
5,1065,15,3,5,0.18,213
17,2856,51,3,3,0.07,168
12,1728,24,5,7,0.17,144
10,1620,30,2,2,0.09,162
6,732,12,4,6,0.21,122
11,3410,55,2,3,0.06,310
5,1420,20,3,5,0.21,284
6,1896,24,5,5,0.09,316
12,3600,60,3,4,0.20,300
36,15408,144,7,5,0.82,428
17,4284,68,4,6,0.08,252
15,2010,30,4,6,0.07,134
19,4370,95,4,4,0.21,230
18,3078,54,3,3,0.12,171
13,1833,39,5,7,0.21,141
12,1104,24,2,4,0.06,92
6,1080,24,3,4,0.21,180
16,4880,80,2,4,0.11,305
19,5092,76,5,6,0.12,268
20,5400,100,2,3,0.07,270
18,5328,72,5,6,0.18,296
31,15965,155,8,4,0.87,515
15,4500,75,3,3,0.24,300
12,3360,48,5,7,0.14,280
5,1170,15,4,4,0.19,234
8,1760,32,3,3,0.08,220
19,4940,76,4,4,0.06,260
10,3080,40,4,6,0.08,308
12,2520,60,2,4,0.10,210
17,2601,51,3,5,0.13,153
13,2964,52,2,2,0.05,228
17,3740,68,4,6,0.15,220
19,6175,95,4,4,0.24,325
18,4590,90,5,6,0.17,255
16,3840,64,4,6,0.10,240
11,2541,33,3,5,0.09,231
48,23520,336,7,4,0.77,490
15,2400,30,5,6,0.09,160
22,12760,110,8,4,0.73,580
22,19712,176,5,10,0.90,896
10,2600,40,4,6,0.09,260
9,828,18,3,3,0.12,92
17,4760,85,3,3,0.22,280
12,1476,36,5,7,0.21,123
8,1296,24,3,3,0.23,162
10,1040,20,4,6,0.08,104
7,1792,28,2,4,0.25,256
6,1650,30,5,6,0.08,275
15,3510,45,5,6,0.25,234
23,5382,69,8,6,0.79,234
15,2100,30,4,6,0.05,140
50,30450,350,7,9,0.96,609
42,10836,126,7,10,0.97,258
24,20928,192,10,6,0.73,872
36,19440,216,6,10,0.89,540
13,2067,39,3,4,0.06,159
16,3504,48,2,4,0.21,219
17,3740,68,5,7,0.21,220
9,882,18,5,7,0.14,98
24,6984,72,6,7,0.88,291
5,860,20,3,4,0.09,172
18,4968,72,5,7,0.17,276
59,13629,177,5,10,0.84,231
40,17280,160,9,4,0.88,432
12,1620,36,5,6,0.13,135
6,588,12,2,4,0.15,98
56,19712,224,8,8,0.92,352
7,1995,35,4,6,0.22,285
10,1280,20,5,5,0.11,128
15,1380,30,3,3,0.24,92
12,1656,24,2,4,0.07,138
20,3200,40,3,5,0.11,160
17,1632,34,3,3,0.08,96
9,2592,36,4,5,0.21,288
20,2120,40,5,6,0.21,106
9,2448,36,2,2,0.08,272
55,28380,330,5,7,0.81,516
9,2412,36,5,7,0.13,268
14,1652,28,2,2,0.08,118
18,4896,72,3,4,0.10,272
16,3216,48,3,3,0.23,201
19,2850,57,3,5,0.10,150
10,3750,50,2,3,0.17,375
12,3408,48,2,3,0.24,284
7,1323,21,4,5,0.19,189
11,1892,44,3,3,0.12,172
14,5320,70,4,6,0.20,380
5,430,10,3,3,0.19,86
16,3328,64,2,4,0.14,208
20,2880,60,5,5,0.18,144
45,15300,180,7,7,0.86,340
19,4332,57,5,5,0.07,228
57,19095,285,8,4,0.70,335
16,3552,48,4,5,0.08,222
13,2340,39,5,7,0.23,180
22,13398,154,8,6,0.84,609
16,4864,64,3,5,0.24,304
20,3040,40,4,6,0.10,152
41,22140,246,6,8,0.72,540
8,1080,24,4,6,0.16,135
19,2850,38,2,4,0.16,150
13,2990,65,2,4,0.21,230
49,16415,245,7,5,0.90,335
16,4800,80,5,6,0.21,300
19,1672,38,4,5,0.21,88
20,4000,80,3,5,0.12,200
44,15180,132,9,9,0.86,345
6,2040,30,4,6,0.08,340
13,2106,39,5,6,0.10,162
11,1386,22,3,3,0.22,126
34,20400,204,10,10,0.90,600
7,1554,21,4,4,0.07,222
47,19740,235,10,9,0.74,420
18,5760,90,3,5,0.09,320
43,37152,344,8,7,0.98,864
14,2128,28,2,2,0.21,152
29,17661,203,9,6,0.79,609
14,2296,56,3,5,0.06,164
17,1802,34,4,4,0.12,106
10,1350,30,5,7,0.09,135
6,588,12,5,7,0.10,98
15,2250,45,5,5,0.24,150
56,41216,448,9,7,0.70,736
48,16128,192,10,10,0.83,336
6,1386,18,3,3,0.24,231
12,2844,36,2,2,0.21,237
8,1536,32,4,6,0.06,192
5,640,10,3,5,0.14,128
12,3696,48,5,6,0.20,308
5,1575,25,5,6,0.17,315
6,960,24,4,6,0.15,160
9,1836,36,2,3,0.10,204
51,24990,255,7,5,0.88,490
30,13020,210,10,7,0.77,434
5,1625,25,2,4,0.12,325
6,1824,24,2,3,0.12,304
19,3135,57,5,5,0.23,165
16,3776,64,3,3,0.09,236
50,30450,350,10,4,0.92,609
20,5280,80,5,6,0.13,264
6,768,12,3,3,0.18,128
26,18252,156,9,8,0.86,702
54,17496,162,5,10,0.72,324
5,1170,15,5,5,0.05,234
6,744,12,2,2,0.14,124
18,5400,90,3,3,0.19,300
15,1500,30,5,7,0.13,100
51,22236,204,6,9,0.80,436
12,2448,36,3,5,0.20,204
10,1020,20,3,4,0.05,102
33,15510,165,7,9,0.89,470
18,2952,72,3,3,0.12,164
11,3080,44,2,4,0.20,280
12,1392,24,4,5,0.17,116
18,1728,36,4,6,0.19,96
11,2200,44,5,6,0.16,200
35,7350,105,5,8,0.84,210
19,1634,38,5,6,0.17,86
17,5865,85,5,7,0.16,345
37,20868,222,10,10,0.78,564
11,2332,44,2,3,0.12,212
27,13608,162,9,9,0.94,504
7,798,14,5,5,0.18,114
16,1312,32,4,4,0.13,82
41,21402,246,9,6,0.92,522
9,2655,45,5,5,0.21,295
14,3640,56,5,7,0.19,260
8,1512,24,2,3,0.10,189
5,855,15,4,5,0.10,171
12,2448,36,2,4,0.05,204
41,26814,246,6,6,0.76,654
54,37584,432,6,5,0.93,696
20,3720,60,4,5,0.24,186
9,1116,18,3,3,0.19,124
45,36000,360,10,7,0.74,800
18,5544,72,2,2,0.13,308
7,1029,21,3,3,0.12,147
6,1404,18,4,6,0.15,234
38,23484,228,7,9,0.76,618
54,29430,270,7,8,0.72,545
5,795,15,5,6,0.13,159
17,5168,68,3,3,0.11,304
59,19647,177,5,10,0.89,333
20,2700,60,4,4,0.24,135
7,1008,21,3,5,0.14,144
17,2703,51,5,5,0.16,159
6,1680,30,4,6,0.10,280
36,16128,144,10,7,0.78,448
20,5120,80,3,3,0.25,256
59,36757,413,10,10,0.84,623
11,1364,22,5,5,0.20,124
12,2340,36,3,4,0.24,195
54,27000,270,7,6,0.74,500
18,6570,90,2,4,0.21,365
13,1196,26,2,4,0.25,92
7,2660,35,4,6,0.08,380
5,1320,20,2,4,0.24,264
13,1664,26,2,4,0.19,128
12,1512,24,5,5,0.19,126
7,1197,21,5,5,0.07,171
29,12412,116,7,6,0.96,428
7,896,14,2,3,0.21,128
59,16992,236,6,10,0.84,288
14,1820,28,3,4,0.09,130
17,3978,51,3,5,0.14,234
24,17088,192,5,8,0.81,712
17,4012,68,4,4,0.20,236
12,3120,48,5,5,0.09,260
17,4352,68,4,5,0.12,256
27,22302,189,10,10,0.79,826
7,616,14,3,3,0.17,88
11,902,22,2,2,0.22,82
60,40320,360,8,5,0.91,672
15,2760,60,4,5,0.21,184
42,27216,252,10,5,0.70,648
8,1680,24,4,5,0.14,210
11,1144,22,3,4,0.18,104
19,3876,76,5,6,0.10,204
52,29380,260,5,4,0.90,565
5,1420,20,2,2,0.09,284
15,2130,30,2,2,0.12,142
12,1680,24,4,6,0.14,140
53,22578,318,6,4,0.77,426
8,1888,32,2,3,0.25,236
58,20184,232,9,9,0.98,348
14,1764,28,3,4,0.07,126
50,18750,250,10,4,0.80,375
10,3080,40,2,4,0.10,308
16,2432,32,5,7,0.05,152
16,1472,32,2,4,0.25,92
15,3525,75,2,3,0.17,235
32,15040,160,7,7,0.77,470
6,738,18,2,4,0.17,123
10,1520,20,5,7,0.07,152
8,1464,24,3,5,0.22,183
15,4140,60,3,4,0.24,276
19,3705,57,4,6,0.16,195
53,23108,212,6,4,0.74,436
10,1890,30,3,5,0.14,189
7,1491,21,3,3,0.15,213
16,3520,80,2,2,0.06,220
51,10710,153,5,4,0.87,210
46,16376,184,10,7,0.88,356
14,4550,70,3,4,0.21,325
7,2485,35,3,5,0.21,355
45,16065,135,10,4,0.90,357
8,1248,16,4,5,0.11,156
16,3456,48,3,3,0.21,216
9,1674,27,3,4,0.09,186
18,4590,90,5,5,0.19,255
18,3294,54,5,5,0.09,183
13,1911,39,3,5,0.24,147
40,28000,280,10,6,0.88,700
34,16592,272,9,7,0.81,488
7,2310,35,5,7,0.19,330
11,2860,44,3,3,0.19,260
55,23760,330,5,9,0.77,432
12,2088,36,4,6,0.22,174
11,4290,55,4,6,0.13,390
16,2736,48,5,6,0.20,171
19,2679,57,4,5,0.21,141
50,38800,400,7,8,0.72,776
22,9900,132,8,8,0.73,450
13,4004,52,3,4,0.23,308
13,2444,52,5,6,0.22,188
26,16198,182,8,9,0.72,623
19,3534,57,3,3,0.08,186
18,2196,36,5,7,0.07,122
14,2730,42,5,7,0.10,195
23,13984,184,7,9,0.91,608
22,15312,176,8,7,0.84,696
25,12950,175,8,7,0.92,518
8,944,16,2,4,0.12,118
8,2000,40,5,7,0.25,250
19,3344,76,3,4,0.10,176
19,4332,76,3,4,0.06,228
17,2907,51,5,5,0.08,171
17,3315,51,3,5,0.23,195
18,5670,90,2,2,0.17,315
14,2800,70,4,5,0.17,200
14,2604,42,4,5,0.07,186
10,2650,50,2,2,0.20,265
17,3774,51,2,3,0.18,222
8,912,16,4,5,0.15,114
31,7440,124,5,4,0.89,240
12,2880,48,2,4,0.20,240
51,34680,408,8,8,0.93,680
6,954,18,4,6,0.20,159
23,6348,69,7,4,0.94,276
11,1672,22,3,4,0.25,152
10,1260,20,5,6,0.05,126
15,2700,45,4,5,0.19,180
7,1617,21,4,5,0.16,231
20,3080,40,2,2,0.24,154
19,3477,57,5,5,0.24,183
59,46728,472,6,7,0.75,792
23,13800,184,5,6,0.77,600
16,3648,64,2,3,0.11,228
14,1204,28,2,4,0.06,86
10,1770,30,2,4,0.24,177
23,15594,138,8,4,0.94,678
19,6080,95,4,6,0.09,320
7,1540,35,4,5,0.07,220
39,31512,312,6,4,0.73,808
41,12464,164,8,5,0.75,304
29,18792,232,8,8,0.73,648
58,23200,290,7,6,0.94,400
8,2120,40,4,5,0.10,265
40,32320,320,8,5,0.82,808
8,1984,32,4,5,0.23,248
17,1394,34,2,2,0.16,82
18,7110,90,2,4,0.07,395
25,21200,200,10,5,0.93,848
26,19656,182,9,4,0.79,756
7,1596,21,5,5,0.20,228
6,1500,30,3,4,0.24,250
12,3840,48,5,6,0.20,320
43,24080,301,9,6,0.95,560
12,2592,48,5,6,0.07,216
13,1638,26,5,7,0.13,126
5,1300,20,4,4,0.09,260
22,11616,176,9,8,0.84,528
49,21168,196,8,10,0.84,432
43,18662,301,6,4,0.93,434
19,1862,38,4,4,0.22,98
45,17550,270,7,7,0.92,390
19,2052,38,5,5,0.11,108
19,2850,38,2,4,0.06,150
60,35280,420,5,6,0.86,588
11,3465,55,5,6,0.16,315
20,2880,60,5,7,0.06,144
41,17958,246,8,10,0.95,438
44,17248,176,6,5,0.90,392
8,1392,24,2,4,0.24,174
23,13363,161,9,5,0.89,581
16,3744,48,3,4,0.10,234
19,3990,95,5,7,0.18,210
12,2820,60,3,4,0.07,235
15,3900,60,5,6,0.09,260
33,22374,198,5,8,0.70,678
6,756,12,2,2,0.22,126
16,4608,64,4,6,0.24,288
20,4900,100,5,6,0.06,245
33,6633,99,7,5,0.91,201
5,1575,25,4,4,0.12,315
16,3744,48,4,6,0.22,234
13,2067,39,4,5,0.07,159
21,6048,84,10,6,0.84,288
14,4312,56,3,5,0.05,308
8,2144,32,5,7,0.10,268
5,1450,25,2,3,0.20,290
13,1560,26,3,3,0.22,120
15,1350,30,2,3,0.08,90
20,7200,80,5,8,0.83,360
43,27692,301,9,9,0.88,644
7,1554,21,2,4,0.12,222
20,3120,40,5,7,0.18,156
51,32844,357,7,8,0.71,644
10,3040,40,3,5,0.21,304
12,1656,24,3,5,0.22,138
18,2700,36,3,5,0.15,150
19,2546,38,4,6,0.17,134
16,3120,48,5,5,0.06,195
16,2080,32,3,3,0.07,130
8,3080,40,2,4,0.12,385
8,1344,32,3,4,0.16,168
18,3132,54,5,6,0.18,174
10,2000,50,5,6,0.09,200
47,23688,376,10,9,0.72,504
16,1792,32,3,3,0.11,112
8,2144,32,5,6,0.14,268
35,17325,175,7,5,0.92,495
58,31088,464,9,4,0.79,536
54,48816,432,9,8,0.89,904
5,1400,25,2,3,0.06,280
44,13376,176,9,5,0.86,304
13,2340,39,2,4,0.16,180
7,966,14,2,2,0.09,138
60,45360,420,7,8,0.96,756
6,2130,30,5,7,0.10,355
18,5130,90,3,4,0.10,285
11,1342,22,2,3,0.06,122
18,3510,54,5,7,0.16,195
11,3344,44,2,3,0.05,304
13,3250,65,4,4,0.21,250
6,936,12,2,2,0.15,156
38,33136,304,8,10,0.80,872
43,18834,258,6,9,0.73,438
37,31080,296,8,7,0.71,840
22,13596,132,5,9,0.97,618
25,13300,175,7,9,0.71,532
6,1224,18,4,4,0.15,204
10,2280,40,2,4,0.22,228
8,1536,24,3,5,0.21,192
6,840,12,2,2,0.07,140
12,1488,24,2,4,0.18,124
6,1608,24,5,6,0.12,268
21,6720,84,9,9,0.93,320
20,5000,100,4,6,0.19,250
14,2408,56,4,4,0.18,172
20,1880,40,2,2,0.24,94
11,2288,44,2,3,0.12,208
8,1848,24,3,4,0.09,231
48,21888,288,6,8,0.93,456
21,16170,147,6,9,0.75,770
11,3080,44,3,5,0.13,280
56,19320,168,10,8,0.91,345
6,2070,30,4,4,0.24,345
20,2960,40,4,5,0.19,148
7,2100,28,3,4,0.14,300
15,2700,45,3,4,0.07,180
18,6570,90,3,4,0.19,365
14,3360,56,3,4,0.11,240
55,37290,330,9,8,0.75,678
16,4480,64,5,5,0.20,280
30,9000,90,8,9,0.72,300
12,2112,48,2,4,0.16,176
12,3744,48,2,3,0.07,312
12,4140,60,4,6,0.22,345
9,1431,27,2,3,0.13,159
35,11340,140,10,8,0.80,324
26,21632,208,5,10,0.97,832
14,2632,56,4,6,0.17,188
9,3015,45,2,3,0.23,335
32,20480,256,9,10,0.79,640
19,2622,38,3,4,0.15,138
47,29328,376,5,9,0.71,624
13,1430,26,5,6,0.21,110
9,1944,27,4,5,0.24,216
13,1677,39,2,4,0.25,129
17,3060,51,3,5,0.12,180
19,4275,95,3,5,0.19,225
7,1071,21,5,7,0.22,153
46,17940,230,5,9,0.82,390
9,1485,27,5,6,0.23,165
9,3465,45,5,6,0.22,385
12,1752,24,2,2,0.15,146
48,14256,144,8,4,0.92,297
10,1460,20,5,7,0.09,146
20,9000,100,10,4,0.94,450
12,1848,24,4,4,0.08,154
13,2080,26,2,4,0.05,160
13,4550,65,4,6,0.06,350
11,3795,55,2,4,0.19,345
7,882,21,4,4,0.09,126
38,7752,114,5,5,0.94,204
6,2250,30,2,4,0.13,375
6,636,12,3,5,0.10,106
15,2520,45,2,2,0.08,168
12,3408,48,3,4,0.08,284
46,8694,138,7,8,0.85,189
13,4745,65,5,7,0.25,365
17,2346,51,3,3,0.05,138
15,3540,60,2,2,0.23,236
10,2880,40,2,2,0.14,288
14,3248,56,4,5,0.09,232
10,3950,50,2,4,0.15,395
17,1360,34,5,6,0.14,80
13,2769,39,5,5,0.16,213
18,3942,54,3,5,0.23,219
13,4810,65,4,5,0.10,370
33,10791,99,10,5,0.90,327
49,19992,196,6,6,0.88,408
24,6336,96,8,9,0.75,264
7,1288,28,4,5,0.24,184
20,8160,80,5,4,0.96,408
9,3060,45,3,3,0.06,340
51,24174,306,6,8,0.71,474
6,1296,24,5,7,0.23,216
18,5760,72,4,6,0.18,320
26,13286,182,5,5,0.82,511
8,1280,16,2,2,0.22,160
16,3776,64,5,5,0.11,236
12,2064,48,2,4,0.13,172
20,6000,80,4,5,0.05,300
12,2196,36,5,5,0.16,183
7,2695,35,2,4,0.13,385
12,1200,24,4,6,0.17,100
39,35880,312,5,7,0.78,920
12,1032,24,3,5,0.22,86
17,1462,34,2,2,0.17,86
6,936,12,2,3,0.24,156
41,28413,287,6,9,0.93,693
5,1375,25,5,6,0.21,275
17,3774,51,4,4,0.16,222
6,924,12,4,5,0.06,154
24,7848,72,5,10,0.89,327
18,3402,54,4,5,0.20,189
41,12546,123,5,7,0.91,306
59,41713,413,10,6,0.96,707
10,3500,50,5,6,0.13,350
28,22624,224,7,5,0.82,808
44,38368,352,8,6,0.84,872
13,3744,52,3,5,0.19,288
5,1100,20,4,6,0.21,220
44,11616,176,8,4,0.85,264
56,37632,392,7,10,0.87,672
26,7878,78,7,5,0.85,303
59,13098,177,6,6,0.86,222
6,738,18,3,4,0.06,123
14,3024,56,2,4,0.22,216
44,24860,220,5,4,0.82,565
12,1836,36,2,4,0.24,153
7,1610,35,3,3,0.20,230
12,3480,60,2,3,0.15,290
8,2120,40,3,3,0.13,265
8,2120,40,3,3,0.21,265
29,14384,232,8,10,0.81,496
13,2080,26,3,4,0.11,160
20,4880,80,4,5,0.15,244
5,1560,20,3,3,0.22,312
19,2052,38,2,4,0.17,108
8,1472,32,3,3,0.06,184
19,1748,38,5,5,0.07,92
37,7659,111,6,7,0.97,207
14,4550,70,2,4,0.09,325
32,29952,256,5,4,0.92,936
58,17400,232,10,8,0.96,300
46,28704,276,5,10,0.76,624
16,3648,64,5,6,0.13,228
11,990,22,3,5,0.06,90
8,2600,40,2,3,0.06,325
16,3440,80,5,5,0.13,215
17,2074,34,3,4,0.10,122
9,1440,18,3,5,0.22,160
6,1260,30,4,6,0.15,210
6,600,12,2,2,0.15,100
8,1608,24,4,5,0.15,201
13,4680,65,5,7,0.06,360
55,50160,440,9,6,0.77,912
5,615,15,4,5,0.13,123
36,34560,288,8,7,0.71,960
9,3240,45,3,5,0.25,360
20,4000,100,3,5,0.05,200
20,1960,40,4,6,0.20,98
10,2850,50,5,7,0.12,285
5,1100,25,2,2,0.12,220
12,3552,48,2,4,0.11,296
16,3840,64,5,6,0.10,240
20,6200,100,4,5,0.15,310
11,2695,55,3,4,0.14,245
9,2106,27,4,5,0.10,234
30,20370,210,8,10,0.74,679
10,2250,30,2,3,0.16,225
18,2376,54,3,5,0.13,132
21,19656,168,6,9,0.80,936
13,2730,39,4,4,0.19,210
29,7772,116,6,6,0.71,268
6,1950,30,2,3,0.20,325
28,18424,196,9,9,0.93,658
47,22560,235,10,4,0.72,480
13,3055,65,4,4,0.12,235
18,7110,90,4,4,0.10,395
17,2397,51,3,5,0.21,141
16,1824,32,4,5,0.17,114
16,4992,64,5,7,0.25,312
9,1404,27,5,7,0.06,156
50,20400,300,9,9,0.72,408
13,4030,65,2,4,0.06,310
13,2184,52,5,6,0.05,168
58,22040,232,8,5,0.89,380
9,2016,36,5,7,0.10,224
52,27300,364,6,9,0.80,525
15,2520,60,2,2,0.13,168
40,22400,200,10,10,0.79,560
13,2106,39,5,5,0.14,162
11,1430,22,5,6,0.22,130
8,1920,24,4,4,0.09,240
38,28462,266,6,6,0.80,749
18,4608,72,5,5,0.24,256
24,13968,144,6,6,0.71,582
7,2555,35,5,6,0.07,365
19,3306,57,2,3,0.08,174
5,550,10,3,3,0.15,110
5,705,15,5,7,0.09,141
13,2912,52,3,5,0.16,224
7,1505,35,5,7,0.24,215
16,3552,48,2,3,0.11,222
40,15400,200,9,10,0.73,385
20,5600,100,2,2,0.16,280
7,1232,28,4,6,0.17,176
19,5244,76,2,3,0.11,276
16,3840,64,4,4,0.24,240
17,4216,68,4,5,0.14,248
10,2160,30,4,6,0.06,216
20,13860,140,6,4,0.95,693
13,4420,65,5,5,0.20,340
42,38304,336,8,5,0.71,912
19,5605,95,3,5,0.14,295
9,2565,45,2,4,0.06,285
58,27144,232,9,10,0.77,468
13,4160,52,5,7,0.09,320
44,10912,176,7,6,0.74,248
12,3120,60,5,7,0.22,260
52,42224,364,8,5,0.86,812
53,28938,371,6,4,0.93,546
5,690,10,4,4,0.23,138
5,1040,20,4,4,0.23,208
60,39360,480,7,4,0.81,656
29,12992,203,8,9,0.82,448
12,1872,24,4,4,0.09,156
32,22624,224,5,4,0.80,707
31,12865,155,6,9,0.77,415
42,32592,336,5,9,0.90,776
55,29975,275,10,6,0.90,545
20,3680,80,2,3,0.17,184
7,966,21,2,2,0.10,138
24,11520,192,9,10,0.78,480
17,1428,34,3,5,0.14,84
18,1548,36,3,4,0.19,86
46,31188,276,8,6,0.96,678
13,2847,39,2,4,0.10,219
20,2080,40,4,5,0.20,104
5,1675,25,4,4,0.18,335
17,3910,85,3,4,0.21,230
34,19176,204,9,7,0.93,564
13,3380,65,4,4,0.19,260
9,1809,27,3,4,0.17,201
18,5544,72,3,4,0.16,308
60,21840,240,7,10,0.82,364
20,2760,40,4,6,0.07,138
12,2460,60,4,6,0.08,205
15,1290,30,4,5,0.09,86
14,1232,28,4,4,0.22,88
10,3250,50,3,4,0.17,325
10,1160,20,4,6,0.24,116
26,16744,182,10,6,0.80,644
18,3078,54,3,5,0.18,171
46,9384,138,9,5,0.79,204
12,3720,60,3,4,0.25,310
6,1116,18,4,5,0.10,186
58,18618,174,9,10,0.83,321
7,2100,35,5,6,0.21,300
20,4260,60,4,6,0.10,213
53,21200,265,8,6,0.93,400
8,1600,40,5,7,0.20,200
13,2756,52,4,6,0.10,212
16,2272,32,4,6,0.21,142
18,3402,54,3,4,0.23,189
13,3848,52,5,5,0.24,296
9,1863,27,4,6,0.06,207
13,1430,26,4,6,0.20,110
18,2880,72,4,5,0.14,160
31,10664,124,8,5,0.78,344
10,1040,20,5,5,0.20,104
14,3850,70,2,3,0.08,275
28,16128,168,8,6,0.82,576
20,3360,60,3,5,0.12,168
6,1860,30,4,5,0.20,310
7,1239,21,2,4,0.16,177
10,3600,50,3,3,0.18,360
11,1892,44,4,6,0.21,172
19,2698,38,4,4,0.14,142
5,1900,25,4,5,0.07,380
25,8700,100,5,7,0.71,348
20,2520,60,3,4,0.17,126
8,1072,16,4,4,0.21,134
32,7872,96,7,6,0.76,246
18,2016,36,3,5,0.10,112
20,4140,60,6,6,0.79,207
36,24768,288,6,7,0.73,688
9,3105,45,2,3,0.13,345
19,5225,95,5,5,0.13,275
20,6000,80,10,4,0.84,300
16,2016,48,5,5,0.15,126
5,1375,25,3,5,0.08,275
21,6930,105,6,6,0.76,330
11,3740,55,5,6,0.13,340
15,1410,30,2,3,0.18,94
13,2925,39,2,2,0.19,225
11,3344,44,2,4,0.22,304
12,1836,36,4,4,0.11,153
35,8540,140,9,7,0.90,244
51,25347,357,7,6,0.86,497
24,13680,144,8,6,0.95,570
6,1026,18,5,7,0.24,171
46,15410,230,5,5,0.73,335
7,644,14,4,6,0.16,92
16,3136,64,2,4,0.18,196
38,21280,304,6,4,0.88,560
8,1072,16,4,6,0.08,134
20,4800,80,4,4,0.13,240
5,880,20,4,5,0.18,176
59,18880,236,5,5,0.93,320
45,18540,180,7,7,0.91,412
19,3990,57,4,4,0.07,210
53,24168,318,5,8,0.73,456
7,938,14,2,2,0.18,134
54,15984,216,8,4,0.78,296
13,2925,65,2,2,0.07,225
22,9856,88,10,5,0.76,448
5,1080,20,3,3,0.10,216
58,19256,232,6,10,0.80,332
5,1275,25,5,5,0.12,255
13,2925,65,3,3,0.06,225
49,20090,245,10,8,0.83,410
38,15200,152,5,10,0.89,400
20,4200,60,2,3,0.13,210
10,2280,40,3,4,0.07,228
29,15486,174,9,9,0.83,534
19,2014,38,2,3,0.07,106
8,848,16,4,4,0.05,106
41,37064,328,8,4,0.93,904
15,4575,75,2,2,0.11,305
22,9240,132,6,7,0.83,420
18,2340,36,3,4,0.22,130
15,3600,45,2,3,0.19,240
16,3552,48,4,6,0.20,222
8,1152,24,2,3,0.25,144
49,22295,245,6,7,0.83,455
13,2886,39,3,5,0.09,222
10,1500,30,4,5,0.07,150
27,18144,216,8,4,0.75,672
10,3150,50,4,4,0.07,315
18,4608,72,5,5,0.06,256
15,2070,45,5,7,0.16,138
16,3312,48,5,7,0.07,207
6,1680,24,4,6,0.12,280
14,2982,42,4,4,0.24,213
15,2520,45,3,3,0.05,168
10,1380,30,4,6,0.15,138
9,1242,27,4,5,0.11,138
12,1704,24,3,3,0.24,142
17,3910,85,5,5,0.10,230
47,13818,141,6,8,0.93,294
21,8946,126,8,9,0.82,426
20,5900,100,5,6,0.14,295
17,6545,85,3,5,0.07,385
5,1320,20,2,2,0.24,264
15,2640,60,4,5,0.23,176
57,18810,171,8,9,0.72,330
37,14800,148,7,8,0.90,400
19,2014,38,5,5,0.06,106
6,1440,24,2,4,0.17,240
6,1488,24,3,5,0.16,248
20,10360,140,10,5,0.72,518
19,2451,57,4,4,0.11,129
51,26010,306,8,7,0.96,510
5,580,10,3,4,0.23,116
9,1215,27,2,4,0.09,135
42,18648,252,10,4,0.73,444
16,3120,48,2,3,0.19,195
13,5200,65,4,4,0.06,400
7,1505,35,4,6,0.06,215
48,11232,144,7,9,0.73,234
10,1520,20,2,3,0.06,152
6,948,12,4,6,0.23,158
16,3456,64,4,4,0.08,216
33,14025,165,7,5,0.87,425
20,2480,40,4,4,0.06,124
6,1464,24,4,4,0.10,244
45,13635,135,7,6,0.91,303
15,1830,30,5,6,0.12,122
8,1440,32,3,5,0.18,180
35,9660,105,9,4,0.78,276
7,980,14,3,4,0.12,140
52,46592,416,5,5,0.70,896
59,27435,295,8,4,0.73,465
5,960,15,2,3,0.15,192
35,14420,140,10,4,0.78,412
18,2880,72,2,4,0.06,160
48,17568,288,6,4,0.73,366
29,8265,87,7,6,0.75,285
56,34272,336,10,6,0.92,612
15,1800,30,2,3,0.16,120
14,2688,56,2,2,0.14,192
14,2520,56,2,3,0.11,180
16,2304,48,4,5,0.24,144
42,19320,210,7,8,0.78,460
13,3848,52,4,5,0.18,296
12,1836,36,2,3,0.20,153
43,16254,258,7,4,0.93,378
33,30624,264,5,10,0.84,928
19,3306,57,3,4,0.17,174
55,36960,385,7,4,0.75,672
14,4032,56,5,5,0.15,288
14,3500,70,3,5,0.08,250
7,1680,21,2,4,0.21,240
19,5320,76,5,6,0.10,280
30,15600,240,9,4,0.79,520
23,11040,184,9,5,0.72,480
5,520,10,4,5,0.13,104
38,11628,114,5,6,0.93,306
50,19500,300,6,8,0.89,390
40,15400,200,10,8,0.91,385
27,4941,81,9,6,0.86,183
12,2880,36,4,5,0.17,240
17,3944,68,3,5,0.19,232
11,3124,44,3,5,0.16,284
24,9792,96,5,5,0.92,408
5,1020,15,4,5,0.25,204
38,10640,152,10,7,0.94,280
15,5400,75,4,5,0.07,360
15,2475,45,3,3,0.24,165
14,3850,70,2,3,0.14,275
44,31724,308,7,9,0.91,721
19,4408,76,2,3,0.22,232
7,1197,21,4,5,0.17,171
17,6800,85,2,3,0.17,400
16,2064,48,3,3,0.09,129
14,2604,42,4,6,0.23,186
10,2600,50,3,4,0.16,260
9,1404,27,4,5,0.07,156
27,15687,189,8,10,0.79,581
12,1656,24,3,5,0.05,138
26,4914,78,9,4,0.92,189
14,2436,42,5,5,0.06,174
18,2880,36,3,3,0.24,160
26,13416,156,6,9,0.75,516
19,5624,76,2,2,0.10,296
41,14145,205,5,6,0.95,345
28,10864,112,7,9,0.83,388
16,1824,32,5,6,0.06,114
13,1404,26,2,3,0.08,108
23,12144,138,10,6,0.93,528
17,3468,51,2,3,0.10,204
9,1935,45,4,6,0.19,215
16,4080,80,5,7,0.18,255
8,1008,16,5,6,0.05,126
41,9471,123,6,6,0.83,231
41,15990,246,8,10,0.86,390
18,3456,72,5,7,0.25,192
46,12880,184,5,4,0.83,280
6,1368,24,3,5,0.12,228
9,2700,45,5,6,0.11,300
24,12600,168,6,7,0.97,525
20,4200,100,3,3,0.19,210
16,4240,80,4,5,0.14,265
16,5120,80,5,5,0.13,320
20,2520,40,2,3,0.20,126
9,1647,27,5,5,0.23,183
15,2475,45,3,5,0.06,165
6,1872,24,2,4,0.21,312
17,2380,34,2,3,0.13,140
54,25920,324,6,6,0.72,480
15,1770,30,2,4,0.15,118
6,744,12,3,3,0.08,124
18,3510,54,5,6,0.12,195
40,17920,160,7,8,0.96,448
20,5040,80,5,6,0.16,252
5,885,15,4,5,0.08,177
13,2964,39,5,5,0.20,228
16,5600,80,5,7,0.18,350
35,24500,245,7,10,0.87,700
30,13440,210,10,4,0.75,448
32,24640,224,7,9,0.88,770
10,1460,20,2,2,0.14,146
60,10980,180,10,6,0.79,183
41,9225,123,9,10,0.89,225
22,15554,154,6,5,0.70,707
15,1770,30,5,6,0.12,118
15,5100,75,2,4,0.21,340
16,5360,80,5,7,0.12,335
22,13904,176,6,4,0.93,632
11,3960,55,2,3,0.14,360
7,2275,35,2,3,0.24,325
54,19656,216,5,7,0.72,364
6,1608,24,3,4,0.16,268
49,22932,196,8,9,0.86,468
60,28800,360,7,9,0.93,480
49,22050,294,8,4,0.96,450
19,2014,38,2,2,0.12,106
9,972,18,4,4,0.09,108
16,6000,80,5,5,0.15,375
22,14124,132,7,8,0.90,642
8,2240,32,3,3,0.23,280
13,2912,52,5,5,0.06,224
5,1050,15,3,4,0.11,210
15,3840,60,5,6,0.15,256
18,6030,90,4,5,0.14,335
7,1512,28,3,5,0.20,216
60,27360,360,10,6,0.74,456
9,1980,36,3,4,0.16,220
57,21945,285,5,8,0.81,385
39,9828,117,7,4,0.72,252
57,31122,342,7,9,0.97,546
6,1350,30,5,6,0.13,225
33,12474,198,10,10,0.91,378
44,24860,220,5,6,0.95,565
5,590,10,4,6,0.19,118
36,23760,216,6,7,0.73,660
11,2475,33,2,3,0.05,225
13,2184,39,5,7,0.16,168
16,3776,64,5,7,0.19,236
19,4712,76,5,6,0.10,248
10,1920,40,5,6,0.13,192
10,1580,20,2,3,0.05,158
10,1620,30,3,3,0.22,162
6,984,24,2,3,0.17,164
56,36848,392,10,5,0.70,658
53,39432,424,7,5,0.94,744
50,33600,400,6,6,0.93,672
18,3024,54,3,5,0.07,168
14,1652,28,3,4,0.15,118
9,1836,27,3,3,0.17,204
19,6650,95,4,6,0.10,350
7,1435,35,2,3,0.20,205
20,4400,100,4,5,0.13,220
44,16940,220,7,4,0.93,385
7,966,14,3,4,0.22,138
31,13888,217,8,10,0.70,448
7,1323,21,4,4,0.08,189
13,2028,26,2,4,0.25,156
6,840,12,5,7,0.11,140
10,3040,40,4,6,0.19,304
16,2400,32,4,6,0.09,150
8,2400,40,3,5,0.20,300
35,13650,175,8,8,0.85,390
37,10767,111,7,4,0.74,291
27,12096,108,8,10,0.91,448
19,2128,38,2,3,0.19,112
8,3120,40,3,3,0.13,390
12,2592,36,3,5,0.15,216
5,1200,15,4,5,0.22,240
9,1512,36,3,3,0.06,168
15,2760,60,5,7,0.13,184
5,810,15,4,5,0.12,162
9,1917,27,4,6,0.18,213
31,13020,217,8,10,0.95,420
25,8475,75,8,6,0.84,339
8,752,16,2,3,0.11,94
19,4560,57,5,5,0.15,240
11,1584,22,2,2,0.21,144
5,780,10,3,3,0.11,156
18,2376,54,3,4,0.25,132
46,30912,368,10,4,0.75,672
19,3990,57,3,5,0.17,210
9,792,18,4,4,0.22,88
45,32400,360,5,10,0.89,720
32,20384,224,10,8,0.94,637
15,5550,75,3,3,0.06,370
37,19166,259,7,9,0.86,518
14,1764,42,5,6,0.12,126
11,1749,33,4,6,0.20,159
48,15936,192,9,6,0.84,332
11,2365,55,2,2,0.22,215
6,738,18,3,5,0.17,123
17,3876,51,3,4,0.13,228
11,1298,22,2,3,0.13,118
37,22866,222,10,9,0.80,618
17,4165,85,3,5,0.16,245
18,2268,36,5,7,0.24,126
17,5355,85,5,7,0.22,315
9,1620,27,3,5,0.15,180
10,3000,50,5,5,0.09,300
24,12936,168,10,10,0.93,539
14,1260,28,5,6,0.19,90
15,3240,45,5,7,0.11,216
20,6600,100,2,3,0.21,330
7,1890,35,2,3,0.23,270
8,848,16,5,6,0.20,106
6,1044,18,4,6,0.12,174
19,4864,76,5,5,0.17,256
17,4828,68,2,4,0.06,284
18,5670,90,3,3,0.15,315
20,2320,40,3,4,0.09,116
25,13650,175,8,8,0.94,546
14,3192,56,5,7,0.12,228
60,32700,300,8,9,0.73,545
6,1380,30,2,4,0.10,230
29,12528,174,7,8,0.84,432
9,972,18,3,4,0.08,108
17,3400,68,5,5,0.10,200
14,2226,42,5,5,0.23,159
9,1800,36,5,7,0.19,200
11,1078,22,5,6,0.24,98
17,5270,85,4,6,0.15,310
19,6650,95,4,5,0.21,350
19,6935,95,5,6,0.11,365
27,10260,135,6,9,0.82,380
13,2132,52,3,3,0.16,164
16,4224,64,4,6,0.05,264
18,1980,36,2,3,0.19,110
59,42539,413,7,10,0.74,721
8,2080,40,3,4,0.23,260
59,38940,354,6,9,0.73,660
11,2145,33,5,7,0.21,195
43,27391,301,6,4,0.94,637
13,4095,65,5,6,0.21,315
15,3225,75,5,5,0.08,215
58,29232,348,6,10,0.88,504
56,18984,168,10,7,0.95,339
14,1344,28,4,4,0.14,96
14,2940,42,4,4,0.21,210
59,33984,472,10,9,0.71,576
13,4160,65,4,6,0.09,320
18,2124,36,4,6,0.21,118
16,4928,64,3,3,0.09,308
8,1896,24,2,4,0.18,237
7,1372,28,2,2,0.14,196
6,900,12,2,4,0.15,150
21,7644,84,6,7,0.92,364
43,13072,172,7,7,0.84,304
14,2982,42,3,5,0.22,213
12,1512,36,3,5,0.12,126
17,6120,85,3,3,0.23,360
9,1944,27,2,4,0.13,216
9,810,18,4,6,0.23,90
13,1690,26,5,5,0.10,130
44,11352,132,7,10,0.76,258
43,36120,344,8,10,0.88,840
53,30210,265,6,8,0.72,570
18,1512,36,5,5,0.08,84
38,16644,228,9,4,0.78,438
9,2790,45,4,4,0.07,310
56,29568,336,5,4,0.75,528
46,18216,276,9,7,0.79,396
15,4575,75,5,6,0.10,305
5,1100,20,2,3,0.18,220
12,2700,36,5,7,0.22,225
5,1100,25,4,5,0.18,220
18,4212,54,2,2,0.18,234
19,2242,38,3,5,0.14,118
20,4880,80,5,6,0.10,244
